Name|url|Price|Shadow Size|Swimming Pattern|Time|Months|Hemisphere|Location|Type
Agrias butterfly|https://vignette.wikia.nocookie.net/animalcrossing/images/d/dc/NH-Icon-agriasbutterfly.png/revision/latest/scale-to-width-down/64?cb=20200401005428|3,000|||8am - 5pm|[1, 2, 3, 10, 11, 12]|Southern Hemisphere|Flying|Bug
Agrias butterfly|https://vignette.wikia.nocookie.net/animalcrossing/images/d/dc/NH-Icon-agriasbutterfly.png/revision/latest/scale-to-width-down/64?cb=20200401005428|3,000|||8am - 5pm|[4, 5, 6, 7, 8, 9]|Northern Hemisphere|Flying|Bug
Anchovy|https://vignette.wikia.nocookie.net/animalcrossing/images/2/24/NH-Icon-anchovy.png/revision/latest/scale-to-width-down/64?cb=20200401003129|200|||4am - 9pm|[1, 2, 3, 4, 5, 6, 7, 8, 9, 10, 11, 12]|Southern Hemisphere|Sea|Fish
Anchovy|https://vignette.wikia.nocookie.net/animalcrossing/images/2/24/NH-Icon-anchovy.png/revision/latest/scale-to-width-down/64?cb=20200401003129|200|||4am - 9pm|[2, 3, 4, 5, 6, 7, 8, 9, 10, 11, 12]|Northern Hemisphere|Sea|Fish
Angelfish|https://vignette.wikia.nocookie.net/animalcrossing/images/6/63/NH-Icon-angelfish.png/revision/latest/scale-to-width-down/64?cb=20200401003128|3,000|||4pm - 9am|[1, 2, 3, 4, 11, 12]|Southern Hemisphere|River|Fish
Angelfish|https://vignette.wikia.nocookie.net/animalcrossing/images/6/63/NH-Icon-angelfish.png/revision/latest/scale-to-width-down/64?cb=20200401003128|3,000|||4pm - 9am|[5, 6, 7, 8, 9, 10]|Northern Hemisphere|River|Fish
Ant|https://vignette.wikia.nocookie.net/animalcrossing/images/4/45/NH-Icon-ant.png/revision/latest/scale-to-width-down/64?cb=20200401005428|80|||All day|[1, 2, 3, 4, 5, 6, 7, 8, 9, 10, 11, 12]|Northern Hemisphere|On rotten food|Bug
Ant|https://vignette.wikia.nocookie.net/animalcrossing/images/4/45/NH-Icon-ant.png/revision/latest/scale-to-width-down/64?cb=20200401005428|80|||All day|[1, 2, 3, 4, 5, 6, 7, 8, 9, 10, 11, 12]|Southern Hemisphere|On rotten food|Bug
Arapaima|https://vignette.wikia.nocookie.net/animalcrossing/images/7/7f/NH-Icon-arapaima.png/revision/latest/scale-to-width-down/64?cb=20200401003128|10,000|||4pm - 9am|[1, 2, 3, 12]|Southern Hemisphere|River|Fish
Arapaima|https://vignette.wikia.nocookie.net/animalcrossing/images/7/7f/NH-Icon-arapaima.png/revision/latest/scale-to-width-down/64?cb=20200401003128|10,000|||4pm - 9am|[6, 7, 8, 9]|Northern Hemisphere|River|Fish
Arowana|https://vignette.wikia.nocookie.net/animalcrossing/images/b/bf/NH-Icon-arowana.png/revision/latest/scale-to-width-down/64?cb=20200401003128|10,000|||4pm - 9am|[1, 2, 3, 12]|Southern Hemisphere|River|Fish
Arowana|https://vignette.wikia.nocookie.net/animalcrossing/images/b/bf/NH-Icon-arowana.png/revision/latest/scale-to-width-down/64?cb=20200401003128|10,000|||4pm - 9am|[6, 7, 8, 9]|Northern Hemisphere|River|Fish
Atlas moth|https://vignette.wikia.nocookie.net/animalcrossing/images/6/6a/NH-Icon-atlasmoth.png/revision/latest/scale-to-width-down/64?cb=20200401005428|3,000|||7pm - 4am|[1, 2, 3, 10, 11, 12]|Southern Hemisphere|On trees|Bug
Atlas moth|https://vignette.wikia.nocookie.net/animalcrossing/images/6/6a/NH-Icon-atlasmoth.png/revision/latest/scale-to-width-down/64?cb=20200401005428|3,000|||7pm - 4am|[4, 5, 6, 7, 8, 9]|Northern Hemisphere|On trees|Bug
Bagworm|https://vignette.wikia.nocookie.net/animalcrossing/images/8/81/NH-Icon-bagworm.png/revision/latest/scale-to-width-down/64?cb=20200401005428|600|||All day|[1, 2, 3, 4, 5, 6, 7, 8, 9, 10, 11, 12]|Northern Hemisphere|Shaking trees|Bug
Bagworm|https://vignette.wikia.nocookie.net/animalcrossing/images/8/81/NH-Icon-bagworm.png/revision/latest/scale-to-width-down/64?cb=20200401005428|600|||All day|[1, 2, 3, 4, 5, 6, 7, 8, 9, 10, 11, 12]|Southern Hemisphere|Shaking trees|Bug
Banded dragonfly|https://vignette.wikia.nocookie.net/animalcrossing/images/6/64/NH-Icon-bandeddragonfly.png/revision/latest/scale-to-width-down/64?cb=20200401005428|4,500|||8am - 5pm|[1, 2, 3, 4, 11, 12]|Southern Hemisphere|Flying|Bug
Banded dragonfly|https://vignette.wikia.nocookie.net/animalcrossing/images/6/64/NH-Icon-bandeddragonfly.png/revision/latest/scale-to-width-down/64?cb=20200401005428|4,500|||8am - 5pm|[5, 6, 7, 8, 9, 10]|Northern Hemisphere|Flying|Bug
Barred knifejaw|https://vignette.wikia.nocookie.net/animalcrossing/images/8/8c/NH-Icon-barredknifejaw.png/revision/latest/scale-to-width-down/64?cb=20200401003128|5,000|||All day|[1, 2, 3, 4, 5, 9, 10, 11, 12]|Southern Hemisphere|Sea|Fish
Barred knifejaw|https://vignette.wikia.nocookie.net/animalcrossing/images/8/8c/NH-Icon-barredknifejaw.png/revision/latest/scale-to-width-down/64?cb=20200401003128|5,000|||All day|[3, 4, 5, 6, 7, 8, 9, 10, 11]|Northern Hemisphere|Sea|Fish
Barreleye|https://vignette.wikia.nocookie.net/animalcrossing/images/c/c7/NH-Icon-barreleye.png/revision/latest/scale-to-width-down/64?cb=20200401003128|15,000|||9pm - 4am|[1, 2, 3, 4, 5, 6, 7, 8, 9, 10, 11, 12]|Southern Hemisphere|Sea|Fish
Barreleye|https://vignette.wikia.nocookie.net/animalcrossing/images/c/c7/NH-Icon-barreleye.png/revision/latest/scale-to-width-down/64?cb=20200401003128|15,000|||9pm - 4am|[2, 3, 4, 5, 6, 7, 8, 9, 10, 11, 12]|Northern Hemisphere|Sea|Fish
Bell cricket|https://vignette.wikia.nocookie.net/animalcrossing/images/9/99/NH-Icon-bellcricket.png/revision/latest/scale-to-width-down/64?cb=20200401005428|430|||5pm - 8am|[3, 4]|Southern Hemisphere|On the ground|Bug
Bell cricket|https://vignette.wikia.nocookie.net/animalcrossing/images/9/99/NH-Icon-bellcricket.png/revision/latest/scale-to-width-down/64?cb=20200401005428|430|||5pm - 8am|[9, 10]|Northern Hemisphere|On the ground|Bug
Betta|https://vignette.wikia.nocookie.net/animalcrossing/images/7/7c/NH-Icon-betta.png/revision/latest/scale-to-width-down/64?cb=20200401003129|2,500|||9am - 4pm|[1, 2, 3, 4, 11, 12]|Southern Hemisphere|River|Fish
Betta|https://vignette.wikia.nocookie.net/animalcrossing/images/7/7c/NH-Icon-betta.png/revision/latest/scale-to-width-down/64?cb=20200401003129|2,500|||9am - 4pm|[5, 6, 7, 8, 9, 10]|Northern Hemisphere|River|Fish
Bitterling|https://vignette.wikia.nocookie.net/animalcrossing/images/e/ea/NH-Icon-bitterling.png/revision/latest/scale-to-width-down/64?cb=20200401003128|900|||All day|[2, 3, 11, 12]|Northern Hemisphere|River|Fish
Bitterling|https://vignette.wikia.nocookie.net/animalcrossing/images/e/ea/NH-Icon-bitterling.png/revision/latest/scale-to-width-down/64?cb=20200401003128|900|||All day|[5, 6, 7, 8, 9]|Southern Hemisphere|River|Fish
Black bass|https://vignette.wikia.nocookie.net/animalcrossing/images/e/e2/NH-Icon-blackbass.png/revision/latest/scale-to-width-down/64?cb=20200401003129|400|||All day|[1, 2, 3, 4, 5, 6, 7, 8, 9, 10, 11, 12]|Southern Hemisphere|River|Fish
Black bass|https://vignette.wikia.nocookie.net/animalcrossing/images/e/e2/NH-Icon-blackbass.png/revision/latest/scale-to-width-down/64?cb=20200401003129|400|||All day|[2, 3, 4, 5, 6, 7, 8, 9, 10, 11, 12]|Northern Hemisphere|River|Fish
Blowfish|https://vignette.wikia.nocookie.net/animalcrossing/images/3/39/NH-Icon-blowfish.png/revision/latest/scale-to-width-down/64?cb=20200401003129|5,000|||6pm - 4am|[2, 11, 12]|Northern Hemisphere|Sea|Fish
Blowfish|https://vignette.wikia.nocookie.net/animalcrossing/images/3/39/NH-Icon-blowfish.png/revision/latest/scale-to-width-down/64?cb=20200401003129|5,000|||6pm - 4am|[5, 6, 7, 8]|Southern Hemisphere|Sea|Fish
Blue marlin|https://vignette.wikia.nocookie.net/animalcrossing/images/2/2f/NH-Icon-bluemarlin.png/revision/latest/scale-to-width-down/64?cb=20200401003129|10,000|||All day|[1, 2, 3, 5, 6, 7, 8, 9, 10]|Southern Hemisphere|Pier|Fish
Blue marlin|https://vignette.wikia.nocookie.net/animalcrossing/images/2/2f/NH-Icon-bluemarlin.png/revision/latest/scale-to-width-down/64?cb=20200401003129|10,000|||All day|[2, 3, 4, 7, 8, 9, 11, 12]|Northern Hemisphere|Pier|Fish
Blue weevil beetle|https://vignette.wikia.nocookie.net/animalcrossing/images/f/f5/NH-Icon-blueweevilbeetle.png/revision/latest/scale-to-width-down/64?cb=20200401005428|800|||All day|[1, 2]|Southern Hemisphere|On palm trees|Bug
Blue weevil beetle|https://vignette.wikia.nocookie.net/animalcrossing/images/f/f5/NH-Icon-blueweevilbeetle.png/revision/latest/scale-to-width-down/64?cb=20200401005428|800|||All day|[7, 8]|Northern Hemisphere|On palm trees|Bug
Bluegill|https://vignette.wikia.nocookie.net/animalcrossing/images/6/69/NH-Icon-bluegill.png/revision/latest/scale-to-width-down/64?cb=20200401003129|180|||9am - 4pm|[1, 2, 3, 4, 5, 6, 7, 8, 9, 10, 11, 12]|Southern Hemisphere|River|Fish
Bluegill|https://vignette.wikia.nocookie.net/animalcrossing/images/6/69/NH-Icon-bluegill.png/revision/latest/scale-to-width-down/64?cb=20200401003129|180|||9am - 4pm|[2, 3, 4, 5, 6, 7, 8, 9, 10, 11, 12]|Northern Hemisphere|River|Fish
Brown cicada|https://vignette.wikia.nocookie.net/animalcrossing/images/a/ab/NH-Icon-browncicada.png/revision/latest/scale-to-width-down/64?cb=20200401005428|250|||8am - 5pm|[1, 2]|Southern Hemisphere|On trees|Bug
Brown cicada|https://vignette.wikia.nocookie.net/animalcrossing/images/a/ab/NH-Icon-browncicada.png/revision/latest/scale-to-width-down/64?cb=20200401005428|250|||8am - 5pm|[7, 8]|Northern Hemisphere|On trees|Bug
Butterfly fish|https://vignette.wikia.nocookie.net/animalcrossing/images/8/8e/NH-Icon-butterflyfish.png/revision/latest/scale-to-width-down/64?cb=20200401003129|1,000|||All day|[1, 2, 3, 10, 11, 12]|Southern Hemisphere|Sea|Fish
Butterfly fish|https://vignette.wikia.nocookie.net/animalcrossing/images/8/8e/NH-Icon-butterflyfish.png/revision/latest/scale-to-width-down/64?cb=20200401003129|1000|||All day|[4, 5, 6, 7, 8, 9]|Northern Hemisphere|Sea|Fish
Carp|https://vignette.wikia.nocookie.net/animalcrossing/images/2/2c/NH-Icon-carp.png/revision/latest/scale-to-width-down/64?cb=20200401003129|300|||All day|[1, 2, 3, 4, 5, 6, 7, 8, 9, 10, 11, 12]|Southern Hemisphere|Pond|Fish
Carp|https://vignette.wikia.nocookie.net/animalcrossing/images/2/2c/NH-Icon-carp.png/revision/latest/scale-to-width-down/64?cb=20200401003129|300|||All day|[2, 3, 4, 5, 6, 7, 8, 9, 10, 11, 12]|Northern Hemisphere|Pond|Fish
Catfish|https://vignette.wikia.nocookie.net/animalcrossing/images/2/29/NH-Icon-catfish.png/revision/latest/scale-to-width-down/64?cb=20200401003129|800|||4pm - 9am|[1, 2, 3, 4, 11, 12]|Southern Hemisphere|Pond|Fish
Catfish|https://vignette.wikia.nocookie.net/animalcrossing/images/2/29/NH-Icon-catfish.png/revision/latest/scale-to-width-down/64?cb=20200401003129|800|||4pm - 9am|[5, 6, 7, 8, 9, 10]|Northern Hemisphere|Pond|Fish
Centipede|https://vignette.wikia.nocookie.net/animalcrossing/images/3/30/NH-Icon-centipede.png/revision/latest/scale-to-width-down/64?cb=20200401005429|300|||4pm - 11pm|[1, 2, 3, 4, 5, 6, 9, 10, 11, 12]|Northern Hemisphere|Hitting rocks|Bug
Centipede|https://vignette.wikia.nocookie.net/animalcrossing/images/3/30/NH-Icon-centipede.png/revision/latest/scale-to-width-down/64?cb=20200401005429|300|||4pm - 11pm|[3, 4, 5, 6, 7, 8, 9, 10, 11, 12]|Southern Hemisphere|Hitting rocks|Bug
Char|https://vignette.wikia.nocookie.net/animalcrossing/images/1/15/NH-Icon-char.png/revision/latest/scale-to-width-down/64?cb=20200401003129|3,800|||4pm - 9am|[3, 4, 5, 6, 9, 10, 11]|Northern Hemisphere|River (Clifftop) Pond|Fish
Char|https://vignette.wikia.nocookie.net/animalcrossing/images/1/15/NH-Icon-char.png/revision/latest/scale-to-width-down/64?cb=20200401003129|3,800|||4pm - 9am|[3, 4, 5, 9, 10, 11, 12]|Southern Hemisphere|River (Clifftop) Pond|Fish
Cherry salmon|https://vignette.wikia.nocookie.net/animalcrossing/images/5/5f/NH-Icon-cherrysalmon.png/revision/latest/scale-to-width-down/64?cb=20200401003129|1,000|||4pm - 9am|[3, 4, 5, 6, 9, 10, 11]|Northern Hemisphere|River (Clifftop) Pond|Fish
Cherry salmon|https://vignette.wikia.nocookie.net/animalcrossing/images/5/5f/NH-Icon-cherrysalmon.png/revision/latest/scale-to-width-down/64?cb=20200401003129|1,000|||4pm - 9am|[3, 4, 5, 9, 10, 11, 12]|Southern Hemisphere|River (Clifftop) Pond|Fish
Cicada shell|https://vignette.wikia.nocookie.net/animalcrossing/images/9/97/NH-Icon-cicadashell.png/revision/latest/scale-to-width-down/64?cb=20200401005428|10|||All day|[1, 2]|Southern Hemisphere|On trees|Bug
Cicada shell|https://vignette.wikia.nocookie.net/animalcrossing/images/9/97/NH-Icon-cicadashell.png/revision/latest/scale-to-width-down/64?cb=20200401005428|10|||All day|[7, 8]|Northern Hemisphere|On trees|Bug
Citrus long-horned beetle|https://vignette.wikia.nocookie.net/animalcrossing/images/8/8f/NH-Icon-citruslonghornedbeetle.png/revision/latest/scale-to-width-down/64?cb=20200401005428|350|||All day|[1, 2, 3, 4, 5, 6, 7, 8, 9, 10, 11, 12]|Northern Hemisphere|On tree stumps|Bug
Citrus long-horned beetle|https://vignette.wikia.nocookie.net/animalcrossing/images/8/8f/NH-Icon-citruslonghornedbeetle.png/revision/latest/scale-to-width-down/64?cb=20200401005428|350|||All day|[1, 2, 3, 4, 5, 6, 7, 8, 9, 10, 11, 12]|Southern Hemisphere|On tree stumps|Bug
Clown fish|https://vignette.wikia.nocookie.net/animalcrossing/images/2/2f/NH-Icon-clownfish.png/revision/latest/scale-to-width-down/64?cb=20200401003129|650|||All day|[1, 2, 3, 10, 11, 12]|Southern Hemisphere|Sea|Fish
Clown fish|https://vignette.wikia.nocookie.net/animalcrossing/images/2/2f/NH-Icon-clownfish.png/revision/latest/scale-to-width-down/64?cb=20200401003129|650|||All day|[4, 5, 6, 7, 8, 9]|Northern Hemisphere|Sea|Fish
Coelacanth|https://vignette.wikia.nocookie.net/animalcrossing/images/3/31/NH-Icon-coelacanth.png/revision/latest/scale-to-width-down/64?cb=20200401003129|15,000|||All day|[1, 2, 3, 4, 5, 6, 7, 8, 9, 10, 11, 12]|Southern Hemisphere|Sea (Raining)|Fish
Coelacanth|https://vignette.wikia.nocookie.net/animalcrossing/images/3/31/NH-Icon-coelacanth.png/revision/latest/scale-to-width-down/64?cb=20200401003129|15,000|||All day|[2, 3, 4, 5, 6, 7, 8, 9, 10, 11, 12]|Northern Hemisphere|Sea (Raining)|Fish
Common bluebottle|https://vignette.wikia.nocookie.net/animalcrossing/images/5/5e/NH-Icon-commonbluebottle.png/revision/latest/scale-to-width-down/64?cb=20200401005428|300|||4am - 7pm|[1, 2, 10, 11, 12]|Southern Hemisphere|Flying|Bug
Common bluebottle|https://vignette.wikia.nocookie.net/animalcrossing/images/5/5e/NH-Icon-commonbluebottle.png/revision/latest/scale-to-width-down/64?cb=20200401005428|300|||4am - 7pm|[4, 5, 6, 7, 8]|Northern Hemisphere|Flying|Bug
Common butterfly|https://vignette.wikia.nocookie.net/animalcrossing/images/3/3a/NH-Icon-commonbutterfly.png/revision/latest/scale-to-width-down/64?cb=20200401005428|160|||4am - 7pm|[1, 2, 3, 4, 5, 6, 9, 10, 11, 12]|Northern Hemisphere|Flying|Bug
Common butterfly|https://vignette.wikia.nocookie.net/animalcrossing/images/3/3a/NH-Icon-commonbutterfly.png/revision/latest/scale-to-width-down/64?cb=20200401005428|160|||4am - 7pm|[3, 4, 5, 6, 7, 8, 9, 10, 11, 12]|Southern Hemisphere|Flying|Bug
Crawfish|https://vignette.wikia.nocookie.net/animalcrossing/images/c/cd/NH-Icon-crawfish.png/revision/latest/scale-to-width-down/64?cb=20200401003129|200|||All day|[1, 2, 3, 10, 11, 12]|Southern Hemisphere|Pond|Fish
Crawfish|https://vignette.wikia.nocookie.net/animalcrossing/images/c/cd/NH-Icon-crawfish.png/revision/latest/scale-to-width-down/64?cb=20200401003129|200|||All day|[4, 5, 6, 7, 8, 9]|Northern Hemisphere|Pond|Fish
Cricket|https://vignette.wikia.nocookie.net/animalcrossing/images/7/7a/NH-Icon-cricket.png/revision/latest/scale-to-width-down/64?cb=20200401005428|130|||5pm - 8am|[3, 4, 5]|Southern Hemisphere|On the ground|Bug
Cricket|https://vignette.wikia.nocookie.net/animalcrossing/images/7/7a/NH-Icon-cricket.png/revision/latest/scale-to-width-down/64?cb=20200401005428|130|||5pm - 8am|[9, 10, 11]|Northern Hemisphere|On the ground|Bug
Crucian carp|https://vignette.wikia.nocookie.net/animalcrossing/images/0/03/NH-Icon-cruciancarp.png/revision/latest/scale-to-width-down/64?cb=20200401003129|160|||All day|[1, 2, 3, 4, 5, 6, 7, 8, 9, 10, 11, 12]|Southern Hemisphere|River|Fish
Crucian carp|https://vignette.wikia.nocookie.net/animalcrossing/images/0/03/NH-Icon-cruciancarp.png/revision/latest/scale-to-width-down/64?cb=20200401003129|160|||All day|[2, 3, 4, 5, 6, 7, 8, 9, 10, 11, 12]|Northern Hemisphere|River|Fish
Cyclommatus stag|https://vignette.wikia.nocookie.net/animalcrossing/images/1/17/NH-Icon-cyclommatusstag.png/revision/latest/scale-to-width-down/64?cb=20200401005428|8,000|||5pm - 8am|[1, 2]|Southern Hemisphere|On palm trees|Bug
Cyclommatus stag|https://vignette.wikia.nocookie.net/animalcrossing/images/1/17/NH-Icon-cyclommatusstag.png/revision/latest/scale-to-width-down/64?cb=20200401005428|8,000|||5pm - 8am|[7, 8]|Northern Hemisphere|On palm trees|Bug
Dab|https://vignette.wikia.nocookie.net/animalcrossing/images/c/c6/NH-Icon-dab.png/revision/latest/scale-to-width-down/64?cb=20200401003129|300|||All day|[2, 3, 4, 10, 11, 12]|Northern Hemisphere|Sea|Fish
Dab|https://vignette.wikia.nocookie.net/animalcrossing/images/c/c6/NH-Icon-dab.png/revision/latest/scale-to-width-down/64?cb=20200401003129|300|||All day|[4, 5, 6, 7, 8, 9, 10]|Southern Hemisphere|Sea|Fish
Dace|https://vignette.wikia.nocookie.net/animalcrossing/images/2/22/NH-Icon-dace.png/revision/latest/scale-to-width-down/64?cb=20200401003129|240|||4pm - 9am|[1, 2, 3, 4, 5, 6, 7, 8, 9, 10, 11, 12]|Southern Hemisphere|River|Fish
Dace|https://vignette.wikia.nocookie.net/animalcrossing/images/2/22/NH-Icon-dace.png/revision/latest/scale-to-width-down/64?cb=20200401003129|240|||4pm - 9am|[2, 3, 4, 5, 6, 7, 8, 9, 10, 11, 12]|Northern Hemisphere|River|Fish
Damselfly|https://vignette.wikia.nocookie.net/animalcrossing/images/1/16/NH-Icon-damselfly.png/revision/latest/scale-to-width-down/64?cb=20200401005428|500|||All day|[1, 2, 11, 12]|Northern Hemisphere|Flying|Bug
Damselfly|https://vignette.wikia.nocookie.net/animalcrossing/images/1/16/NH-Icon-damselfly.png/revision/latest/scale-to-width-down/64?cb=20200401005428|500|||All day|[5, 6, 7, 8]|Southern Hemisphere|Flying|Bug
Darner Dragonfly|https://vignette.wikia.nocookie.net/animalcrossing/images/7/70/NH-Icon-darnerdragonfly.png/revision/latest/scale-to-width-down/64?cb=20200401005428|230|||8am - 5pm|[4]|Northern Hemisphere|Flying|Bug
Darner dragonfly|https://vignette.wikia.nocookie.net/animalcrossing/images/7/70/NH-Icon-darnerdragonfly.png/revision/latest/scale-to-width-down/64?cb=20200401005428|230|||8am - 5pm|[1, 2, 3, 4, 10, 11, 12]|Southern Hemisphere|Flying|Bug
Darner dragonfly|https://vignette.wikia.nocookie.net/animalcrossing/images/7/70/NH-Icon-darnerdragonfly.png/revision/latest/scale-to-width-down/64?cb=20200401005428|230|||8am - 5pm|[5, 6, 7, 8, 9, 10]|Northern Hemisphere|Flying|Bug
Diving beetle|https://vignette.wikia.nocookie.net/animalcrossing/images/c/c5/NH-Icon-divingbeetle.png/revision/latest/scale-to-width-down/64?cb=20200401005428|800|||8am - 7pm|[1, 2, 3, 11, 12]|Southern Hemisphere|On fresh water|Bug
Diving beetle|https://vignette.wikia.nocookie.net/animalcrossing/images/c/c5/NH-Icon-divingbeetle.png/revision/latest/scale-to-width-down/64?cb=20200401005428|800|||8am - 7pm|[5, 6, 7, 8, 9]|Northern Hemisphere|On fresh water|Bug
Dorado|https://vignette.wikia.nocookie.net/animalcrossing/images/d/df/NH-Icon-dorado.png/revision/latest/scale-to-width-down/64?cb=20200401003129|15,000|||4am - 9pm|[1, 2, 3, 12]|Southern Hemisphere|River|Fish
Dorado|https://vignette.wikia.nocookie.net/animalcrossing/images/d/df/NH-Icon-dorado.png/revision/latest/scale-to-width-down/64?cb=20200401003129|15,000|||4am - 9pm|[6, 7, 8, 9]|Northern Hemisphere|River|Fish
Drone beetle|https://vignette.wikia.nocookie.net/animalcrossing/images/9/99/NH-Icon-dronebeetle.png/revision/latest/scale-to-width-down/64?cb=20200401005428|200|||All day|[1, 2, 12]|Southern Hemisphere|On trees|Bug
Drone beetle|https://vignette.wikia.nocookie.net/animalcrossing/images/9/99/NH-Icon-dronebeetle.png/revision/latest/scale-to-width-down/64?cb=20200401005428|200|||All day|[6, 7, 8]|Northern Hemisphere|On trees|Bug
Dung beetle|https://vignette.wikia.nocookie.net/animalcrossing/images/c/c0/NH-Icon-dungbeetle.png/revision/latest/scale-to-width-down/64?cb=20200401005431|3,000|||All day|[1, 2, 12]|Northern Hemisphere|Rolling snowballs along the ground|Bug
Dung beetle|https://vignette.wikia.nocookie.net/animalcrossing/images/c/c0/NH-Icon-dungbeetle.png/revision/latest/scale-to-width-down/64?cb=20200401005431|3,000|||All day|[6, 7, 8]|Southern Hemisphere|Rolling snowballs along the ground|Bug
Earth-boring dung beetle|https://vignette.wikia.nocookie.net/animalcrossing/images/0/0c/NH-Icon-earthboringdungbeetle.png/revision/latest/scale-to-width-down/64?cb=20200401005428|300|||All day|[1, 2, 3]|Southern Hemisphere|On the ground|Bug
Earth-boring dung beetle|https://vignette.wikia.nocookie.net/animalcrossing/images/0/0c/NH-Icon-earthboringdungbeetle.png/revision/latest/scale-to-width-down/64?cb=20200401005428|300|||All day|[7, 8, 9]|Northern Hemisphere|On the ground|Bug
Emperor butterfly|https://vignette.wikia.nocookie.net/animalcrossing/images/5/5e/NH-Icon-emperorbutterfly.png/revision/latest/scale-to-width-down/64?cb=20200401005428|4,000|||5pm - 8am|[1, 2, 3, 6, 7, 8, 9, 12]|Northern Hemisphere|Flying|Bug
Emperor butterfly|https://vignette.wikia.nocookie.net/animalcrossing/images/5/5e/NH-Icon-emperorbutterfly.png/revision/latest/scale-to-width-down/64?cb=20200401005428|4,000|||5pm - 8am|[1, 2, 3, 6, 7, 8, 9, 12]|Southern Hemisphere|Flying|Bug
Evening cicada|https://vignette.wikia.nocookie.net/animalcrossing/images/1/16/NH-Icon-eveningcicada.png/revision/latest/scale-to-width-down/64?cb=20200401005428|550|||4am - 8am & 4pm - 7pm|[1, 2]|Southern Hemisphere|On trees|Bug
Evening cicada|https://vignette.wikia.nocookie.net/animalcrossing/images/1/16/NH-Icon-eveningcicada.png/revision/latest/scale-to-width-down/64?cb=20200401005428|550|||4am - 8am & 4pm - 7pm|[7, 8]|Northern Hemisphere|On trees|Bug
Firefly|https://vignette.wikia.nocookie.net/animalcrossing/images/a/ae/NH-Icon-firefly.png/revision/latest/scale-to-width-down/64?cb=20200401005428|300|||7pm - 4am|[6]|Northern Hemisphere|Flying|Bug
Firefly|https://vignette.wikia.nocookie.net/animalcrossing/images/a/ae/NH-Icon-firefly.png/revision/latest/scale-to-width-down/64?cb=20200401005428|300|||7pm - 4am|[12]|Southern Hemisphere|Flying|Bug
Flea|https://vignette.wikia.nocookie.net/animalcrossing/images/9/92/NH-Icon-flea.png/revision/latest/scale-to-width-down/64?cb=20200401005428|70|||All day|[1, 2, 3, 4, 5, 10, 11, 12]|Southern Hemisphere|On villagers|Bug
Flea|https://vignette.wikia.nocookie.net/animalcrossing/images/9/92/NH-Icon-flea.png/revision/latest/scale-to-width-down/64?cb=20200401005428|70|||All day|[4, 5, 6, 7, 8, 9, 10, 11]|Northern Hemisphere|On villagers|Bug
Fly|https://vignette.wikia.nocookie.net/animalcrossing/images/4/4f/NH-Icon-fly.png/revision/latest/scale-to-width-down/64?cb=20200401005428|60|||All day|[1, 2, 3, 4, 5, 6, 7, 8, 9, 10, 11, 12]|Northern Hemisphere|On trash|Bug
Fly|https://vignette.wikia.nocookie.net/animalcrossing/images/4/4f/NH-Icon-fly.png/revision/latest/scale-to-width-down/64?cb=20200401005428|60|||All day|[1, 2, 3, 4, 5, 6, 7, 8, 9, 10, 11, 12]|Southern Hemisphere|On trash|Bug
Football fish|https://vignette.wikia.nocookie.net/animalcrossing/images/a/a5/NH-Icon-footballfish.png/revision/latest/scale-to-width-down/64?cb=20200401003129|2,500|||4pm - 9am|[2, 3, 11, 12]|Northern Hemisphere|Sea|Fish
Football fish|https://vignette.wikia.nocookie.net/animalcrossing/images/a/a5/NH-Icon-footballfish.png/revision/latest/scale-to-width-down/64?cb=20200401003129|2,500|||4pm - 9am|[5, 6, 7, 8, 9]|Southern Hemisphere|Sea|Fish
Freshwater goby|https://vignette.wikia.nocookie.net/animalcrossing/images/e/ee/NH-Icon-freshwatergoby.png/revision/latest/scale-to-width-down/64?cb=20200401003129|400|||4pm - 9am|[1, 2, 3, 4, 5, 6, 7, 8, 9, 10, 11, 12]|Southern Hemisphere|River|Fish
Freshwater goby|https://vignette.wikia.nocookie.net/animalcrossing/images/e/ee/NH-Icon-freshwatergoby.png/revision/latest/scale-to-width-down/64?cb=20200401003129|400|||4pm - 9am|[2, 3, 4, 5, 6, 7, 8, 9, 10, 11, 12]|Northern Hemisphere|River|Fish
Frog|https://vignette.wikia.nocookie.net/animalcrossing/images/6/6b/NH-Icon-frog.png/revision/latest/scale-to-width-down/64?cb=20200401003129|120|||All day|[1, 2, 11, 12]|Southern Hemisphere|Pond|Fish
Frog|https://vignette.wikia.nocookie.net/animalcrossing/images/6/6b/NH-Icon-frog.png/revision/latest/scale-to-width-down/64?cb=20200401003129|120|||All day|[5, 6, 7, 8]|Northern Hemisphere|Pond|Fish
Gar|https://vignette.wikia.nocookie.net/animalcrossing/images/9/9f/NH-Icon-gar.png/revision/latest/scale-to-width-down/64?cb=20200401003129|6,000|||4pm - 9am|[1, 2, 3, 12]|Southern Hemisphere|Pond|Fish
Gar|https://vignette.wikia.nocookie.net/animalcrossing/images/9/9f/NH-Icon-gar.png/revision/latest/scale-to-width-down/64?cb=20200401003129|6,000|||4pm - 9am|[6, 7, 8, 9]|Northern Hemisphere|Pond|Fish
Giant cicada|https://vignette.wikia.nocookie.net/animalcrossing/images/5/58/NH-Icon-giantcicada.png/revision/latest/scale-to-width-down/64?cb=20200401005428|500|||8am - 5pm|[1, 2]|Southern Hemisphere|On trees|Bug
Giant cicada|https://vignette.wikia.nocookie.net/animalcrossing/images/5/58/NH-Icon-giantcicada.png/revision/latest/scale-to-width-down/64?cb=20200401005428|500|||8am - 5pm|[7, 8]|Northern Hemisphere|On trees|Bug
Giant snakehead|https://vignette.wikia.nocookie.net/animalcrossing/images/0/0c/NH-Icon-giantsnakehead.png/revision/latest/scale-to-width-down/64?cb=20200401003129|5,500|||9am - 4pm|[1, 2, 12]|Southern Hemisphere|Pond|Fish
Giant snakehead|https://vignette.wikia.nocookie.net/animalcrossing/images/0/0c/NH-Icon-giantsnakehead.png/revision/latest/scale-to-width-down/64?cb=20200401003129|5,500|||9am - 4pm|[6, 7, 8]|Northern Hemisphere|Pond|Fish
Giant stag|https://vignette.wikia.nocookie.net/animalcrossing/images/2/25/NH-Icon-giantstag.png/revision/latest/scale-to-width-down/64?cb=20200401005428|10,000|||11pm - 8am|[1, 2]|Southern Hemisphere|On trees|Bug
Giant stag|https://vignette.wikia.nocookie.net/animalcrossing/images/2/25/NH-Icon-giantstag.png/revision/latest/scale-to-width-down/64?cb=20200401005428|10,000|||11pm - 8am|[7, 8]|Northern Hemisphere|On trees|Bug
Giant trevally|https://vignette.wikia.nocookie.net/animalcrossing/images/7/7b/NH-Icon-gianttrevally.png/revision/latest/scale-to-width-down/64?cb=20200401003129|4,500|||All day|[1, 2, 3, 4, 11, 12]|Southern Hemisphere|Pier|Fish
Giant trevally|https://vignette.wikia.nocookie.net/animalcrossing/images/7/7b/NH-Icon-gianttrevally.png/revision/latest/scale-to-width-down/64?cb=20200401003129|4,500|||All day|[5, 6, 7, 8, 9, 10]|Northern Hemisphere|Pier|Fish
Giant water bug|https://vignette.wikia.nocookie.net/animalcrossing/images/5/55/NH-Icon-giantwaterbug.png/revision/latest/scale-to-width-down/64?cb=20200401005428|2,000|||7pm - 8am|[1, 2, 3, 10, 11, 12]|Southern Hemisphere|On fresh water|Bug
Giant water bug|https://vignette.wikia.nocookie.net/animalcrossing/images/5/55/NH-Icon-giantwaterbug.png/revision/latest/scale-to-width-down/64?cb=20200401005428|2,000|||7pm - 8am|[4, 5, 6, 7, 8, 9]|Northern Hemisphere|On fresh water|Bug
Giraffe stag|https://vignette.wikia.nocookie.net/animalcrossing/images/7/7c/NH-Icon-giraffestag.png/revision/latest/scale-to-width-down/64?cb=20200401005428|12,000|||5pm - 8am|[1, 2]|Southern Hemisphere|On palm trees|Bug
Giraffe stag|https://vignette.wikia.nocookie.net/animalcrossing/images/7/7c/NH-Icon-giraffestag.png/revision/latest/scale-to-width-down/64?cb=20200401005428|12,000|||5pm - 8am|[7, 8]|Northern Hemisphere|On palm trees|Bug
Golden stag|https://vignette.wikia.nocookie.net/animalcrossing/images/8/82/NH-Icon-goldenstag.png/revision/latest/scale-to-width-down/64?cb=20200401005428|12,000|||5pm - 8am|[1, 2]|Southern Hemisphere|On palm trees|Bug
Golden stag|https://vignette.wikia.nocookie.net/animalcrossing/images/8/82/NH-Icon-goldenstag.png/revision/latest/scale-to-width-down/64?cb=20200401005428|12,000|||5pm - 8am|[7, 8]|Northern Hemisphere|On palm trees|Bug
Golden trout|https://vignette.wikia.nocookie.net/animalcrossing/images/5/5c/NH-Icon-goldentrout.png/revision/latest/scale-to-width-down/64?cb=20200401003129|15,000|||4pm - 9am|[3, 4, 5, 9, 10, 11]|Northern Hemisphere|River (Clifftop)|Fish
Golden trout|https://vignette.wikia.nocookie.net/animalcrossing/images/5/5c/NH-Icon-goldentrout.png/revision/latest/scale-to-width-down/64?cb=20200401003129|15,000|||4pm - 9am|[3, 4, 5, 9, 10, 11]|Southern Hemisphere|River (Clifftop)|Fish
Goldfish|https://vignette.wikia.nocookie.net/animalcrossing/images/e/ed/NH-Icon-goldfish.png/revision/latest/scale-to-width-down/64?cb=20200401003129|1,300|||All day|[1, 2, 3, 4, 5, 6, 7, 8, 9, 10, 11, 12]|Southern Hemisphere|Pond|Fish
Goldfish|https://vignette.wikia.nocookie.net/animalcrossing/images/e/ed/NH-Icon-goldfish.png/revision/latest/scale-to-width-down/64?cb=20200401003129|1,300|||All day|[2, 3, 4, 5, 6, 7, 8, 9, 10, 11, 12]|Northern Hemisphere|Pond|Fish
Goliath beetle|https://vignette.wikia.nocookie.net/animalcrossing/images/5/5b/NH-Icon-goliathbeetle.png/revision/latest/scale-to-width-down/64?cb=20200401005428|8,000|||5pm - 8am|[1, 2, 3, 12]|Southern Hemisphere|On palm trees|Bug
Goliath beetle|https://vignette.wikia.nocookie.net/animalcrossing/images/5/5b/NH-Icon-goliathbeetle.png/revision/latest/scale-to-width-down/64?cb=20200401005428|8,000|||5pm - 8am|[6, 7, 8, 9]|Northern Hemisphere|On palm trees|Bug
Grasshopper|https://vignette.wikia.nocookie.net/animalcrossing/images/5/56/NH-Icon-grasshopper.png/revision/latest/scale-to-width-down/64?cb=20200401005428|160|||8am - 5pm|[1, 2, 3]|Southern Hemisphere|On the ground|Bug
Grasshopper|https://vignette.wikia.nocookie.net/animalcrossing/images/5/56/NH-Icon-grasshopper.png/revision/latest/scale-to-width-down/64?cb=20200401005428|160|||8am - 5pm|[7, 8, 9]|Northern Hemisphere|On the ground|Bug
Great purple emperor|https://vignette.wikia.nocookie.net/animalcrossing/images/2/27/NH-Icon-greatpurpleemperor.png/revision/latest/scale-to-width-down/64?cb=20200401005428|3,000|||4am - 7pm|[1, 2, 11, 12]|Southern Hemisphere|Flying|Bug
Great purple emperor|https://vignette.wikia.nocookie.net/animalcrossing/images/2/27/NH-Icon-greatpurpleemperor.png/revision/latest/scale-to-width-down/64?cb=20200401005428|3,000|||4am - 7pm|[5, 6, 7, 8]|Northern Hemisphere|Flying|Bug
Great white shark|https://vignette.wikia.nocookie.net/animalcrossing/images/3/38/NH-Icon-greatwhiteshark.png/revision/latest/scale-to-width-down/64?cb=20200401003129|15,000|||4pm - 9am|[1, 2, 3, 12]|Southern Hemisphere|Sea|Fish
Great white shark|https://vignette.wikia.nocookie.net/animalcrossing/images/3/38/NH-Icon-greatwhiteshark.png/revision/latest/scale-to-width-down/64?cb=20200401003129|15,000|||4pm - 9am|[6, 7, 8, 9]|Northern Hemisphere|Sea|Fish
Guppy|https://vignette.wikia.nocookie.net/animalcrossing/images/6/63/NH-Icon-guppy.png/revision/latest/scale-to-width-down/64?cb=20200401003129|1,300|||9am - 4pm|[1, 2, 3, 4, 5, 10, 11, 12]|Southern Hemisphere|River|Fish
Guppy|https://vignette.wikia.nocookie.net/animalcrossing/images/6/63/NH-Icon-guppy.png/revision/latest/scale-to-width-down/64?cb=20200401003129|1300|||9am - 4pm|[4, 5, 6, 7, 8, 9, 10, 11]|Northern Hemisphere|River|Fish
Hammerhead shark|https://vignette.wikia.nocookie.net/animalcrossing/images/2/25/NH-Icon-hammerheadshark.png/revision/latest/scale-to-width-down/64?cb=20200401003129|8,000|||4pm - 9am|[1, 2, 3, 12]|Southern Hemisphere|Sea|Fish
Hammerhead shark|https://vignette.wikia.nocookie.net/animalcrossing/images/2/25/NH-Icon-hammerheadshark.png/revision/latest/scale-to-width-down/64?cb=20200401003129|8,000|||4pm - 9am|[6, 7, 8, 9]|Northern Hemisphere|Sea|Fish
Hermit crab|https://vignette.wikia.nocookie.net/animalcrossing/images/7/7f/NH-Icon-hermitcrab.png/revision/latest/scale-to-width-down/64?cb=20200401005430|1,000|||7pm - 8am|[1, 2, 3, 4, 5, 6, 7, 8, 9, 10, 11, 12]|Northern Hemisphere|Disguised as shells|Bug
Hermit crab|https://vignette.wikia.nocookie.net/animalcrossing/images/7/7f/NH-Icon-hermitcrab.png/revision/latest/scale-to-width-down/64?cb=20200401005430|1,000|||7pm - 8am|[1, 2, 3, 4, 5, 6, 7, 8, 9, 10, 11, 12]|Southern Hemisphere|Disguised as shells|Bug
Honeybee|https://vignette.wikia.nocookie.net/animalcrossing/images/2/26/NH-Icon-honeybee.png/revision/latest/scale-to-width-down/64?cb=20200401005428|200|||8am - 5pm|[1, 9, 10, 11, 12]|Southern Hemisphere|Flying|Bug
Honeybee|https://vignette.wikia.nocookie.net/animalcrossing/images/2/26/NH-Icon-honeybee.png/revision/latest/scale-to-width-down/64?cb=20200401005428|200|||8am - 5pm|[3, 4, 5, 6, 7]|Northern Hemisphere|Flying|Bug
Horned atlas|https://vignette.wikia.nocookie.net/animalcrossing/images/1/12/NH-Icon-hornedatlas.png/revision/latest/scale-to-width-down/64?cb=20200401005428|8,000|||5pm - 8am|[1, 2]|Southern Hemisphere|On palm trees|Bug
Horned atlas|https://vignette.wikia.nocookie.net/animalcrossing/images/1/12/NH-Icon-hornedatlas.png/revision/latest/scale-to-width-down/64?cb=20200401005428|8,000|||5pm - 8am|[7, 8]|Northern Hemisphere|On palm trees|Bug
Horned dynastid|https://vignette.wikia.nocookie.net/animalcrossing/images/e/ef/NH-Icon-horneddynastid.png/revision/latest/scale-to-width-down/64?cb=20200401005428|1,350|||5pm - 8am|[1, 2]|Southern Hemisphere|On palm trees|Bug
Horned dynastid|https://vignette.wikia.nocookie.net/animalcrossing/images/e/ef/NH-Icon-horneddynastid.png/revision/latest/scale-to-width-down/64?cb=20200401005428|1,350|||5pm - 8am|[7, 8]|Northern Hemisphere|On trees|Bug
Horned elephant|https://vignette.wikia.nocookie.net/animalcrossing/images/4/4f/NH-Icon-hornedelephant.png/revision/latest/scale-to-width-down/64?cb=20200401005429|8,000|||5pm - 8am|[1, 2]|Southern Hemisphere|On palm trees|Bug
Horned elephant|https://vignette.wikia.nocookie.net/animalcrossing/images/4/4f/NH-Icon-hornedelephant.png/revision/latest/scale-to-width-down/64?cb=20200401005429|8,000|||5pm - 8am|[7, 8]|Northern Hemisphere|On palm trees|Bug
Horned hercules|https://vignette.wikia.nocookie.net/animalcrossing/images/c/c2/NH-Icon-hornedhercules.png/revision/latest/scale-to-width-down/64?cb=20200401005428|12,000|||5pm - 8am|[1, 2]|Southern Hemisphere|On palm trees|Bug
Horned hercules|https://vignette.wikia.nocookie.net/animalcrossing/images/c/c2/NH-Icon-hornedhercules.png/revision/latest/scale-to-width-down/64?cb=20200401005428|12,000|||5pm - 8am|[7, 8]|Northern Hemisphere|On palm trees|Bug
Horse mackerel|https://vignette.wikia.nocookie.net/animalcrossing/images/d/d5/NH-Icon-horsemackerel.png/revision/latest/scale-to-width-down/64?cb=20200401003129|150|||All day|[1, 2, 3, 4, 5, 6, 7, 8, 9, 10, 11, 12]|Southern Hemisphere|Sea|Fish
Horse mackerel|https://vignette.wikia.nocookie.net/animalcrossing/images/d/d5/NH-Icon-horsemackerel.png/revision/latest/scale-to-width-down/64?cb=20200401003129|150|||All day|[2, 3, 4, 5, 6, 7, 8, 9, 10, 11, 12]|Northern Hemisphere|Sea|Fish
Jewel beetle|https://vignette.wikia.nocookie.net/animalcrossing/images/8/82/NH-Icon-jewelbeetle.png/revision/latest/scale-to-width-down/64?cb=20200401005428|2,400|||All day|[1, 2, 10, 11, 12]|Southern Hemisphere|On tree stumps|Bug
Jewel beetle|https://vignette.wikia.nocookie.net/animalcrossing/images/8/82/NH-Icon-jewelbeetle.png/revision/latest/scale-to-width-down/64?cb=20200401005428|2,400|||All day|[4, 5, 6, 7, 8]|Northern Hemisphere|On tree stumps|Bug
Killifish|https://vignette.wikia.nocookie.net/animalcrossing/images/c/c3/NH-Icon-killifish.png/revision/latest/scale-to-width-down/64?cb=20200401003129|300|||All day|[1, 2, 10, 11, 12]|Southern Hemisphere|Pond|Fish
Killifish|https://vignette.wikia.nocookie.net/animalcrossing/images/c/c3/NH-Icon-killifish.png/revision/latest/scale-to-width-down/64?cb=20200401003129|300|||All day|[4, 5, 6, 7, 8]|Northern Hemisphere|Pond|Fish
King salmon|https://vignette.wikia.nocookie.net/animalcrossing/images/f/fd/NH-Icon-kingsalmon.png/revision/latest/scale-to-width-down/64?cb=20200401003129|1,800|||All day|[3]|Southern Hemisphere|River (Mouth)|Fish
King salmon|https://vignette.wikia.nocookie.net/animalcrossing/images/f/fd/NH-Icon-kingsalmon.png/revision/latest/scale-to-width-down/64?cb=20200401003129|1,800|||All day|[9]|Northern Hemisphere|River (Mouth)|Fish
Koi|https://vignette.wikia.nocookie.net/animalcrossing/images/7/74/NH-Icon-koi.png/revision/latest/scale-to-width-down/64?cb=20200401003129|4,000|||4pm - 9am|[1, 2, 3, 4, 5, 6, 7, 8, 9, 10, 11, 12]|Southern Hemisphere|Pond|Fish
Koi|https://vignette.wikia.nocookie.net/animalcrossing/images/7/74/NH-Icon-koi.png/revision/latest/scale-to-width-down/64?cb=20200401003129|4,000|||4pm - 9am|[2, 3, 4, 5, 6, 7, 8, 9, 10, 11, 12]|Northern Hemisphere|Pond|Fish
Ladybug|https://vignette.wikia.nocookie.net/animalcrossing/images/1/18/NH-Icon-ladybug.png/revision/latest/scale-to-width-down/64?cb=20200401005428|200|||8am - 5pm|[3, 4, 5, 6, 10]|Northern Hemisphere|On flowers|Bug
Ladybug|https://vignette.wikia.nocookie.net/animalcrossing/images/1/18/NH-Icon-ladybug.png/revision/latest/scale-to-width-down/64?cb=20200401005428|200|||8am - 5pm|[4, 9, 10, 11, 12]|Southern Hemisphere|On flowers|Bug
Loach|https://vignette.wikia.nocookie.net/animalcrossing/images/7/77/NH-Icon-loach.png/revision/latest/scale-to-width-down/64?cb=20200401003129|400|||All day|[3, 4, 5]|Northern Hemisphere|River|Fish
Loach|https://vignette.wikia.nocookie.net/animalcrossing/images/7/77/NH-Icon-loach.png/revision/latest/scale-to-width-down/64?cb=20200401003129|400|||All day|[9, 10, 11]|Southern Hemisphere|River|Fish
Long locust|https://vignette.wikia.nocookie.net/animalcrossing/images/e/ef/NH-Icon-longlocust.png/revision/latest/scale-to-width-down/64?cb=20200401005429|200|||8am - 7pm|[1, 2, 3, 4, 5, 10, 11, 12]|Southern Hemisphere|On the ground|Bug
Long locust|https://vignette.wikia.nocookie.net/animalcrossing/images/e/ef/NH-Icon-longlocust.png/revision/latest/scale-to-width-down/64?cb=20200401005429|200|||8am - 7pm|[4, 5, 6, 7, 8, 9, 10, 11]|Northern Hemisphere|On the ground|Bug
Madagascan sunset moth|https://vignette.wikia.nocookie.net/animalcrossing/images/7/7d/NH-Icon-madagascansunsetmoth.png/revision/latest/scale-to-width-down/64?cb=20200401005429|2,500|||8am - 4pm|[1, 2, 3, 10, 11, 12]|Southern Hemisphere|Flying|Bug
Madagascan sunset moth|https://vignette.wikia.nocookie.net/animalcrossing/images/7/7d/NH-Icon-madagascansunsetmoth.png/revision/latest/scale-to-width-down/64?cb=20200401005429|2,500|||8am - 4pm|[4, 5, 6, 7, 8, 9]|Northern Hemisphere|Flying|Bug
Mahi-mahi|https://vignette.wikia.nocookie.net/animalcrossing/images/8/82/NH-Icon-mahimahi.png/revision/latest/scale-to-width-down/64?cb=20200401003129|6,000|||All day|[1, 2, 3, 4, 11, 12]|Southern Hemisphere|Pier|Fish
Mahi-mahi|https://vignette.wikia.nocookie.net/animalcrossing/images/8/82/NH-Icon-mahimahi.png/revision/latest/scale-to-width-down/64?cb=20200401003129|6,000|||All day|[5, 6, 7, 8, 9, 10]|Northern Hemisphere|Pier|Fish
Man-faced stink bug|https://vignette.wikia.nocookie.net/animalcrossing/images/c/c7/NH-Icon-manfacedstinkbug.png/revision/latest/scale-to-width-down/64?cb=20200401005429|1,000|||7pm - 8am|[1, 2, 3, 4, 9, 10, 11, 12]|Southern Hemisphere|On flowers|Bug
Man-faced stink bug|https://vignette.wikia.nocookie.net/animalcrossing/images/c/c7/NH-Icon-manfacedstinkbug.png/revision/latest/scale-to-width-down/64?cb=20200401005429|1,000|||7pm - 8am|[3, 4, 5, 6, 7, 8, 9, 10]|Northern Hemisphere|On flowers|Bug
Mantis|https://vignette.wikia.nocookie.net/animalcrossing/images/0/00/NH-Icon-mantis.png/revision/latest/scale-to-width-down/64?cb=20200401005429|430|||8am - 5pm|[1, 2, 3, 4, 5, 9, 10, 11, 12]|Southern Hemisphere|On flowers|Bug
Mantis|https://vignette.wikia.nocookie.net/animalcrossing/images/0/00/NH-Icon-mantis.png/revision/latest/scale-to-width-down/64?cb=20200401005429|430|||8am - 5pm|[3, 4, 5, 6, 7, 8, 9, 10, 11]|Northern Hemisphere|On flowers|Bug
Migratory locust|https://vignette.wikia.nocookie.net/animalcrossing/images/e/e4/NH-Icon-migratorylocust.png/revision/latest/scale-to-width-down/64?cb=20200401005429|600|||8am - 7pm|[2, 3, 4, 5]|Southern Hemisphere|On the ground|Bug
Migratory locust|https://vignette.wikia.nocookie.net/animalcrossing/images/e/e4/NH-Icon-migratorylocust.png/revision/latest/scale-to-width-down/64?cb=20200401005429|600|||8am - 7pm|[8, 9, 10, 11]|Northern Hemisphere|On the ground|Bug
Mitten crab|https://vignette.wikia.nocookie.net/animalcrossing/images/e/e3/NH-Icon-mittencrab.png/revision/latest/scale-to-width-down/64?cb=20200401003129|2,000|||4pm - 9am|[3, 4, 5]|Southern Hemisphere|River|Fish
Mitten crab|https://vignette.wikia.nocookie.net/animalcrossing/images/e/e3/NH-Icon-mittencrab.png/revision/latest/scale-to-width-down/64?cb=20200401003129|2,000|||4pm - 9am|[9, 10, 11]|Northern Hemisphere|River|Fish
Miyama stag|https://vignette.wikia.nocookie.net/animalcrossing/images/1/1b/NH-Icon-miyamastag.png/revision/latest/scale-to-width-down/64?cb=20200401005429|1,000|||All day|[1, 2]|Southern Hemisphere|On trees|Bug
Miyama stag|https://vignette.wikia.nocookie.net/animalcrossing/images/1/1b/NH-Icon-miyamastag.png/revision/latest/scale-to-width-down/64?cb=20200401005429|1,000|||All day|[7, 8]|Northern Hemisphere|On trees|Bug
Mole cricket|https://vignette.wikia.nocookie.net/animalcrossing/images/0/00/NH-Icon-molecricket.png/revision/latest/scale-to-width-down/64?cb=20200401005429|500|||All day|[1, 2, 3, 4, 5, 11, 12]|Northern Hemisphere|Underground|Bug
Mole cricket|https://vignette.wikia.nocookie.net/animalcrossing/images/0/00/NH-Icon-molecricket.png/revision/latest/scale-to-width-down/64?cb=20200401005429|500|||All day|[5, 6, 7, 8, 9, 10, 11]|Southern Hemisphere|Underground|Bug
Monarch butterfly|https://vignette.wikia.nocookie.net/animalcrossing/images/9/99/NH-Icon-monarchbutterfly.png/revision/latest/scale-to-width-down/64?cb=20200401005429|140|||4am - 5pm|[3, 4, 5]|Southern Hemisphere|Flying|Bug
Monarch butterfly|https://vignette.wikia.nocookie.net/animalcrossing/images/9/99/NH-Icon-monarchbutterfly.png/revision/latest/scale-to-width-down/64?cb=20200401005429|140|||4am - 5pm|[9, 10, 11]|Northern Hemisphere|Flying|Bug
Moray eel|https://vignette.wikia.nocookie.net/animalcrossing/images/e/e5/NH-Icon-morayeel.png/revision/latest/scale-to-width-down/64?cb=20200401003130|2,000|||All day|[2, 3, 4]|Southern Hemisphere|Sea|Fish
Moray eel|https://vignette.wikia.nocookie.net/animalcrossing/images/e/e5/NH-Icon-morayeel.png/revision/latest/scale-to-width-down/64?cb=20200401003130|2,000|||All day|[8, 9, 10]|Northern Hemisphere|Sea|Fish
Mosquito|https://vignette.wikia.nocookie.net/animalcrossing/images/c/c0/NH-Icon-mosquito.png/revision/latest/scale-to-width-down/64?cb=20200401005429|130|||5pm - 4am|[1, 2, 3, 12]|Southern Hemisphere|Flying|Bug
Mosquito|https://vignette.wikia.nocookie.net/animalcrossing/images/c/c0/NH-Icon-mosquito.png/revision/latest/scale-to-width-down/64?cb=20200401005429|130|||5pm - 4am|[6, 7, 8, 9]|Northern Hemisphere|Flying|Bug
Moth|https://vignette.wikia.nocookie.net/animalcrossing/images/1/12/NH-Icon-moth.png/revision/latest/scale-to-width-down/64?cb=20200401005428|130|||7pm - 4am|[1, 2, 3, 4, 5, 6, 7, 8, 9, 10, 11, 12]|Northern Hemisphere|Flying near light sources|Bug
Moth|https://vignette.wikia.nocookie.net/animalcrossing/images/1/12/NH-Icon-moth.png/revision/latest/scale-to-width-down/64?cb=20200401005428|130|||7pm - 4am|[1, 2, 3, 4, 5, 6, 7, 8, 9, 10, 11, 12]|Southern Hemisphere|Flying near light sources|Bug
Napoleonfish|https://vignette.wikia.nocookie.net/animalcrossing/images/6/6f/NH-Icon-napoleonfish.png/revision/latest/scale-to-width-down/64?cb=20200401003129|10,000|||4am - 9pm|[1, 2]|Southern Hemisphere|Sea|Fish
Napoleonfish|https://vignette.wikia.nocookie.net/animalcrossing/images/6/6f/NH-Icon-napoleonfish.png/revision/latest/scale-to-width-down/64?cb=20200401003129|10,000|||4am - 9pm|[7, 8]|Northern Hemisphere|Sea|Fish
Neon tetra|https://vignette.wikia.nocookie.net/animalcrossing/images/d/da/NH-Icon-neontetra.png/revision/latest/scale-to-width-down/64?cb=20200401003129|500|||9am - 4pm|[1, 2, 3, 4, 5, 10, 11, 12]|Southern Hemisphere|River|Fish
Neon tetra|https://vignette.wikia.nocookie.net/animalcrossing/images/d/da/NH-Icon-neontetra.png/revision/latest/scale-to-width-down/64?cb=20200401003129|500|||9am - 4pm|[4, 5, 6, 7, 8, 9, 10, 11]|Northern Hemisphere|River|Fish
Nibble fish|https://vignette.wikia.nocookie.net/animalcrossing/images/8/89/NH-Icon-nibblefish.png/revision/latest/scale-to-width-down/64?cb=20200401003129|1,500|||9am - 4pm|[1, 2, 3, 11, 12]|Southern Hemisphere|River|Fish
Nibble fish|https://vignette.wikia.nocookie.net/animalcrossing/images/8/89/NH-Icon-nibblefish.png/revision/latest/scale-to-width-down/64?cb=20200401003129|1,500|||9am - 4pm|[5, 6, 7, 8, 9]|Northern Hemisphere|River|Fish
Oarfish|https://vignette.wikia.nocookie.net/animalcrossing/images/3/33/NH-Icon-oarfish.png/revision/latest/scale-to-width-down/64?cb=20200401003129|9,000|||All day|[2, 3, 4, 5, 12]|Northern Hemisphere|Sea|Fish
Oarfish|https://vignette.wikia.nocookie.net/animalcrossing/images/3/33/NH-Icon-oarfish.png/revision/latest/scale-to-width-down/64?cb=20200401003129|9,000|||All day|[6, 7, 8, 9, 10, 11]|Southern Hemisphere|Sea|Fish
Ocean sunfish|https://vignette.wikia.nocookie.net/animalcrossing/images/5/52/NH-Icon-oceansunfish.png/revision/latest/scale-to-width-down/64?cb=20200401003129|4,000|||4am - 9pm|[1, 2, 3]|Southern Hemisphere|Sea|Fish
Ocean sunfish|https://vignette.wikia.nocookie.net/animalcrossing/images/5/52/NH-Icon-oceansunfish.png/revision/latest/scale-to-width-down/64?cb=20200401003129|4,000|||4am - 9pm|[7, 8, 9]|Northern Hemisphere|Sea|Fish
Olive flounder|https://vignette.wikia.nocookie.net/animalcrossing/images/9/9e/NH-Icon-oliveflounder.png/revision/latest/scale-to-width-down/64?cb=20200401003129|800|||All day|[1, 2, 3, 4, 5, 6, 7, 8, 9, 10, 11, 12]|Southern Hemisphere|Sea|Fish
Olive flounder|https://vignette.wikia.nocookie.net/animalcrossing/images/9/9e/NH-Icon-oliveflounder.png/revision/latest/scale-to-width-down/64?cb=20200401003129|800|||All day|[2, 3, 4, 5, 6, 7, 8, 9, 10, 11, 12]|Northern Hemisphere|Sea|Fish
Orchid mantis|https://vignette.wikia.nocookie.net/animalcrossing/images/9/9e/NH-Icon-orchidmantis.png/revision/latest/scale-to-width-down/64?cb=20200401005428|2,400|||8am - 5pm|[1, 2, 3, 4, 5, 9, 10, 11, 12]|Southern Hemisphere|On white flowers|Bug
Orchid mantis|https://vignette.wikia.nocookie.net/animalcrossing/images/9/9e/NH-Icon-orchidmantis.png/revision/latest/scale-to-width-down/64?cb=20200401005428|2,400|||8am - 5pm|[3, 4, 5, 6, 7, 8, 9, 10, 11]|Northern Hemisphere|On white flowers|Bug
Pale chub|https://vignette.wikia.nocookie.net/animalcrossing/images/2/2c/NH-Icon-palechub.png/revision/latest/scale-to-width-down/64?cb=20200401003129|200|||9am - 4pm|[1, 2, 3, 4, 5, 6, 7, 8, 9, 10, 11, 12]|Southern Hemisphere|River|Fish
Pale chub|https://vignette.wikia.nocookie.net/animalcrossing/images/2/2c/NH-Icon-palechub.png/revision/latest/scale-to-width-down/64?cb=20200401003129|200|||9am - 4pm|[2, 3, 4, 5, 6, 7, 8, 9, 10, 11, 12]|Northern Hemisphere|River|Fish
Paper kite butterfly|https://vignette.wikia.nocookie.net/animalcrossing/images/d/dd/NH-Icon-paperkitebutterfly.png/revision/latest/scale-to-width-down/64?cb=20200401005429|1,000|||8am - 7pm|[1, 2, 3, 4, 5, 6, 7, 8, 9, 10, 11, 12]|Northern Hemisphere|Flying|Bug
Paper kite butterfly|https://vignette.wikia.nocookie.net/animalcrossing/images/d/dd/NH-Icon-paperkitebutterfly.png/revision/latest/scale-to-width-down/64?cb=20200401005429|1,000|||8am - 7pm|[1, 2, 3, 4, 5, 6, 7, 8, 9, 10, 11, 12]|Southern Hemisphere|Flying|Bug
Peacock butterfly|https://vignette.wikia.nocookie.net/animalcrossing/images/8/8f/NH-Icon-peacockbutterfly.png/revision/latest/scale-to-width-down/64?cb=20200401005429|2,500|||4am - 7pm|[3, 4, 5, 6]|Northern Hemisphere|Flying by hybrid flowers|Bug
Peacock butterfly|https://vignette.wikia.nocookie.net/animalcrossing/images/8/8f/NH-Icon-peacockbutterfly.png/revision/latest/scale-to-width-down/64?cb=20200401005429|2,500|||4am - 7pm|[9, 10, 11, 12]|Southern Hemisphere|Flying by hybrid flowers|Bug
Pike|https://vignette.wikia.nocookie.net/animalcrossing/images/d/dc/NH-Icon-pike.png/revision/latest/scale-to-width-down/64?cb=20200401003130|1,800|||All day|[3, 4, 5, 6]|Southern Hemisphere|River|Fish
Pike|https://vignette.wikia.nocookie.net/animalcrossing/images/d/dc/NH-Icon-pike.png/revision/latest/scale-to-width-down/64?cb=20200401003130|1,800|||All day|[9, 10, 11, 12]|Northern Hemisphere|River|Fish
Pill bug|https://vignette.wikia.nocookie.net/animalcrossing/images/c/c5/NH-Icon-pillbug.png/revision/latest/scale-to-width-down/64?cb=20200401005428|250|||11pm - 4pm|[1, 2, 3, 4, 5, 6, 9, 10, 11, 12]|Northern Hemisphere|Hitting rocks|Bug
Pill bug|https://vignette.wikia.nocookie.net/animalcrossing/images/c/c5/NH-Icon-pillbug.png/revision/latest/scale-to-width-down/64?cb=20200401005428|250|||11pm - 4pm|[3, 4, 5, 6, 7, 8, 9, 10, 11, 12]|Southern Hemisphere|Hitting rocks|Bug
Piranha|https://vignette.wikia.nocookie.net/animalcrossing/images/b/b9/NH-Icon-piranha.png/revision/latest/scale-to-width-down/64?cb=20200401003130|2,500|||9am - 4pm & 9pm - 4am|[1, 2, 3, 12]|Southern Hemisphere|River|Fish
Piranha|https://vignette.wikia.nocookie.net/animalcrossing/images/b/b9/NH-Icon-piranha.png/revision/latest/scale-to-width-down/64?cb=20200401003130|2,500|||9am - 4pm & 9pm - 4am|[6, 7, 8, 9]|Northern Hemisphere|River|Fish
Pond smelt|https://vignette.wikia.nocookie.net/animalcrossing/images/4/41/NH-Icon-pondsmelt.png/revision/latest/scale-to-width-down/64?cb=20200401003130|500|||All day|[2, 12]|Northern Hemisphere|River|Fish
Pond smelt|https://vignette.wikia.nocookie.net/animalcrossing/images/4/41/NH-Icon-pondsmelt.png/revision/latest/scale-to-width-down/64?cb=20200401003130|500|||All day|[6, 7, 8]|Southern Hemisphere|River|Fish
Pondskater|https://vignette.wikia.nocookie.net/animalcrossing/images/f/f4/NH-Icon-pondskater.png/revision/latest/scale-to-width-down/64?cb=20200401005429|130|||8am - 7pm|[1, 2, 3, 11, 12]|Southern Hemisphere|On fresh water|Bug
Pondskater|https://vignette.wikia.nocookie.net/animalcrossing/images/f/f4/NH-Icon-pondskater.png/revision/latest/scale-to-width-down/64?cb=20200401005429|130|||8am - 7pm|[5, 6, 7, 8, 9]|Northern Hemisphere|On fresh water|Bug
Pop-eyed goldfish|https://vignette.wikia.nocookie.net/animalcrossing/images/c/c9/NH-Icon-popeyedgoldfish.png/revision/latest/scale-to-width-down/64?cb=20200401003129|1,300|||9am - 4pm|[1, 2, 3, 4, 5, 6, 7, 8, 9, 10, 11, 12]|Southern Hemisphere|Pond|Fish
Pop-eyed goldfish|https://vignette.wikia.nocookie.net/animalcrossing/images/c/c9/NH-Icon-popeyedgoldfish.png/revision/latest/scale-to-width-down/64?cb=20200401003129|1,300|||9am - 4pm|[2, 3, 4, 5, 6, 7, 8, 9, 10, 11, 12]|Northern Hemisphere|Pond|Fish
Puffer fish|https://vignette.wikia.nocookie.net/animalcrossing/images/1/1f/NH-Icon-pufferfish.png/revision/latest/scale-to-width-down/64?cb=20200401003130|250|||All day|[1, 2, 3]|Southern Hemisphere|Sea|Fish
Puffer fish|https://vignette.wikia.nocookie.net/animalcrossing/images/1/1f/NH-Icon-pufferfish.png/revision/latest/scale-to-width-down/64?cb=20200401003130|250|||All day|[7, 8, 9]|Northern Hemisphere|Sea|Fish
Queen Alexandra's birdwing|https://vignette.wikia.nocookie.net/animalcrossing/images/b/b8/NH-Icon-queenalexandrasbirdwing.png/revision/latest/scale-to-width-down/64?cb=20200401005429|4,000|||8am - 4pm|[1, 2, 3, 11, 12]|Southern Hemisphere|Flying|Bug
Queen Alexandra's birdwing|https://vignette.wikia.nocookie.net/animalcrossing/images/b/b8/NH-Icon-queenalexandrasbirdwing.png/revision/latest/scale-to-width-down/64?cb=20200401005429|4,000|||8am - 4pm|[5, 6, 7, 8, 9]|Northern Hemisphere|Flying|Bug
Rainbow stag|https://vignette.wikia.nocookie.net/animalcrossing/images/1/1c/NH-Icon-rainbowstag.png/revision/latest/scale-to-width-down/64?cb=20200401005429|6,000|||7pm - 8am|[1, 2, 3, 12]|Southern Hemisphere|On trees|Bug
Rainbow stag|https://vignette.wikia.nocookie.net/animalcrossing/images/1/1c/NH-Icon-rainbowstag.png/revision/latest/scale-to-width-down/64?cb=20200401005429|6,000|||7pm - 8am|[6, 7, 8, 9]|Northern Hemisphere|On trees|Bug
Rainbowfish|https://vignette.wikia.nocookie.net/animalcrossing/images/6/68/NH-Icon-rainbowfish.png/revision/latest/scale-to-width-down/64?cb=20200401003129|800|||9am - 4pm|[1, 2, 3, 4, 11, 12]|Southern Hemisphere|River|Fish
Rainbowfish|https://vignette.wikia.nocookie.net/animalcrossing/images/6/68/NH-Icon-rainbowfish.png/revision/latest/scale-to-width-down/64?cb=20200401003129|800|||9am - 4pm|[5, 6, 7, 8, 9, 10]|Northern Hemisphere|River|Fish
Rajah Brooke's birdwing|https://vignette.wikia.nocookie.net/animalcrossing/images/e/e2/NH-Icon-rajahbrookesbirdwing.png/revision/latest/scale-to-width-down/64?cb=20200401005428|2,500|||8am - 5pm|[1, 2, 4, 5, 6, 7, 8, 9, 12]|Northern Hemisphere|Flying|Bug
Rajah Brooke's birdwing|https://vignette.wikia.nocookie.net/animalcrossing/images/e/e2/NH-Icon-rajahbrookesbirdwing.png/revision/latest/scale-to-width-down/64?cb=20200401005428|2,500|||8am - 5pm|[1, 2, 3, 6, 7, 8, 10, 11, 12]|Southern Hemisphere|Flying|Bug
Ranchu goldfish|https://vignette.wikia.nocookie.net/animalcrossing/images/f/f9/NH-Icon-ranchugoldfish.png/revision/latest/scale-to-width-down/64?cb=20200401003129|4,500|||9am - 4pm|[1, 2, 3, 4, 5, 6, 7, 8, 9, 10, 11, 12]|Southern Hemisphere|Pond|Fish
Ranchu goldfish|https://vignette.wikia.nocookie.net/animalcrossing/images/f/f9/NH-Icon-ranchugoldfish.png/revision/latest/scale-to-width-down/64?cb=20200401003129|4,500|||9am - 4pm|[2, 3, 4, 5, 6, 7, 8, 9, 10, 11, 12]|Northern Hemisphere|Pond|Fish
Ray|https://vignette.wikia.nocookie.net/animalcrossing/images/d/db/NH-Icon-ray.png/revision/latest/scale-to-width-down/64?cb=20200401003129|3,000|||4am - 9pm|[2, 3, 4, 5]|Southern Hemisphere|Sea|Fish
Ray|https://vignette.wikia.nocookie.net/animalcrossing/images/d/db/NH-Icon-ray.png/revision/latest/scale-to-width-down/64?cb=20200401003129|3,000|||4am - 9pm|[8, 9, 10, 11]|Northern Hemisphere|Sea|Fish
Red dragonfly|https://vignette.wikia.nocookie.net/animalcrossing/images/e/eb/NH-Icon-reddragonfly.png/revision/latest/scale-to-width-down/64?cb=20200401005428|180|||8am - 7pm|[3, 4]|Southern Hemisphere|Flying|Bug
Red dragonfly|https://vignette.wikia.nocookie.net/animalcrossing/images/e/eb/NH-Icon-reddragonfly.png/revision/latest/scale-to-width-down/64?cb=20200401005428|180|||8am - 7pm|[9, 10]|Northern Hemisphere|Flying|Bug
Red snapper|https://vignette.wikia.nocookie.net/animalcrossing/images/d/dd/NH-Icon-redsnapper.png/revision/latest/scale-to-width-down/64?cb=20200401003130|3,000|||All day|[1, 2, 3, 4, 5, 6, 7, 8, 9, 10, 11, 12]|Southern Hemisphere|Sea|Fish
Red snapper|https://vignette.wikia.nocookie.net/animalcrossing/images/d/dd/NH-Icon-redsnapper.png/revision/latest/scale-to-width-down/64?cb=20200401003130|3,000|||All day|[2, 3, 4, 5, 6, 7, 8, 9, 10, 11, 12]|Northern Hemisphere|Sea|Fish
Ribbon eel|https://vignette.wikia.nocookie.net/animalcrossing/images/a/ac/NH-Icon-ribboneel.png/revision/latest/scale-to-width-down/64?cb=20200401003129|600|||All day|[1, 2, 3, 4, 12]|Southern Hemisphere|Sea|Fish
Ribbon eel|https://vignette.wikia.nocookie.net/animalcrossing/images/a/ac/NH-Icon-ribboneel.png/revision/latest/scale-to-width-down/64?cb=20200401003129|600|||All day|[6, 7, 8, 9, 10]|Northern Hemisphere|Sea|Fish
Rice grasshopper|https://vignette.wikia.nocookie.net/animalcrossing/images/d/d3/NH-Icon-ricegrasshopper.png/revision/latest/scale-to-width-down/64?cb=20200401005428|160|||8am - 7pm|[2, 3, 4, 5]|Southern Hemisphere|On the ground|Bug
Rice grasshopper|https://vignette.wikia.nocookie.net/animalcrossing/images/d/d3/NH-Icon-ricegrasshopper.png/revision/latest/scale-to-width-down/64?cb=20200401005428|160|||8am - 7pm|[8, 9, 10, 11]|Northern Hemisphere|On the ground|Bug
Robust cicada|https://vignette.wikia.nocookie.net/animalcrossing/images/2/2f/NH-Icon-robustcicada.png/revision/latest/scale-to-width-down/64?cb=20200401005429|300|||8am - 5pm|[1, 2]|Southern Hemisphere|On trees|Bug
Robust cicada|https://vignette.wikia.nocookie.net/animalcrossing/images/2/2f/NH-Icon-robustcicada.png/revision/latest/scale-to-width-down/64?cb=20200401005429|300|||8am - 5pm|[7, 8]|Northern Hemisphere|On trees|Bug
Rosalia batesi beetle|https://vignette.wikia.nocookie.net/animalcrossing/images/e/e0/NH-Icon-rosaliabatesibeetle.png/revision/latest/scale-to-width-down/64?cb=20200401005429|3,000|||All day|[1, 2, 3, 11, 12]|Southern Hemisphere|On tree stumps|Bug
Rosalia batesi beetle|https://vignette.wikia.nocookie.net/animalcrossing/images/e/e0/NH-Icon-rosaliabatesibeetle.png/revision/latest/scale-to-width-down/64?cb=20200401005429|3,000|||All day|[5, 6, 7, 8, 9]|Northern Hemisphere|On tree stumps|Bug
Saddled bichir|https://vignette.wikia.nocookie.net/animalcrossing/images/a/a0/NH-Icon-saddledbichir.png/revision/latest/scale-to-width-down/64?cb=20200401003130|4,000|||9pm - 4am|[1, 2, 3, 12]|Southern Hemisphere|River|Fish
Saddled bichir|https://vignette.wikia.nocookie.net/animalcrossing/images/a/a0/NH-Icon-saddledbichir.png/revision/latest/scale-to-width-down/64?cb=20200401003130|4,000|||9pm - 4am|[6, 7, 8, 9]|Northern Hemisphere|River|Fish
Salmon|https://vignette.wikia.nocookie.net/animalcrossing/images/f/fb/NH-Icon-salmon.png/revision/latest/scale-to-width-down/64?cb=20200401003129|700|||All day|[3]|Southern Hemisphere|River (Mouth)|Fish
Salmon|https://vignette.wikia.nocookie.net/animalcrossing/images/f/fb/NH-Icon-salmon.png/revision/latest/scale-to-width-down/64?cb=20200401003129|700|||All day|[9]|Northern Hemisphere|River (Mouth)|Fish
Saw shark|https://vignette.wikia.nocookie.net/animalcrossing/images/7/73/NH-Icon-sawshark.png/revision/latest/scale-to-width-down/64?cb=20200401003129|12,000|||4pm - 9am|[1, 2, 3, 12]|Southern Hemisphere|Sea|Fish
Saw shark|https://vignette.wikia.nocookie.net/animalcrossing/images/7/73/NH-Icon-sawshark.png/revision/latest/scale-to-width-down/64?cb=20200401003129|12,000|||4pm - 9am|[6, 7, 8, 9]|Northern Hemisphere|Sea|Fish
Saw stag|https://vignette.wikia.nocookie.net/animalcrossing/images/4/48/NH-Icon-sawstag.png/revision/latest/scale-to-width-down/64?cb=20200401005429|2,000|||All day|[1, 2]|Southern Hemisphere|On trees|Bug
Saw stag|https://vignette.wikia.nocookie.net/animalcrossing/images/4/48/NH-Icon-sawstag.png/revision/latest/scale-to-width-down/64?cb=20200401005429|2,000|||All day|[7, 8]|Northern Hemisphere|On trees|Bug
Scarab beetle|https://vignette.wikia.nocookie.net/animalcrossing/images/4/4c/NH-Icon-scarabbeetle.png/revision/latest/scale-to-width-down/64?cb=20200401005429|10,000|||11pm - 8am|[1, 2]|Southern Hemisphere|On trees|Bug
Scarab beetle|https://vignette.wikia.nocookie.net/animalcrossing/images/4/4c/NH-Icon-scarabbeetle.png/revision/latest/scale-to-width-down/64?cb=20200401005429|10,000|||11pm - 8am|[7, 8]|Northern Hemisphere|On trees|Bug
Scorpion|https://vignette.wikia.nocookie.net/animalcrossing/images/3/34/NH-Icon-scorpion.png/revision/latest/scale-to-width-down/64?cb=20200401005429|8,000|||7pm - 4am|[1, 2, 3, 4, 11, 12]|Southern Hemisphere|On the ground|Bug
Scorpion|https://vignette.wikia.nocookie.net/animalcrossing/images/3/34/NH-Icon-scorpion.png/revision/latest/scale-to-width-down/64?cb=20200401005429|8,000|||7pm - 4am|[5, 6, 7, 8, 9, 10]|Northern Hemisphere|On the ground|Bug
Sea bass|https://vignette.wikia.nocookie.net/animalcrossing/images/2/22/NH-Icon-seabass.png/revision/latest/scale-to-width-down/64?cb=20200401003130|400|||All day|[1, 2, 3, 4, 5, 6, 7, 8, 9, 10, 11, 12]|Southern Hemisphere|Sea|Fish
Sea bass|https://vignette.wikia.nocookie.net/animalcrossing/images/2/22/NH-Icon-seabass.png/revision/latest/scale-to-width-down/64?cb=20200401003130|400|||All day|[2, 3, 4, 5, 6, 7, 8, 9, 10, 11, 12]|Northern Hemisphere|Sea|Fish
Sea butterfly|https://vignette.wikia.nocookie.net/animalcrossing/images/8/8f/NH-Icon-seabutterfly.png/revision/latest/scale-to-width-down/64?cb=20200401003129|1,000|||All day|[2, 3, 12]|Northern Hemisphere|Sea|Fish
Sea butterfly|https://vignette.wikia.nocookie.net/animalcrossing/images/8/8f/NH-Icon-seabutterfly.png/revision/latest/scale-to-width-down/64?cb=20200401003129|1,000|||All day|[6, 7, 8, 9]|Southern Hemisphere|Sea|Fish
Sea horse|https://vignette.wikia.nocookie.net/animalcrossing/images/5/55/NH-Icon-seahorse.png/revision/latest/scale-to-width-down/64?cb=20200401003129|1,100|||All day|[1, 2, 3, 4, 5, 10, 11, 12]|Southern Hemisphere|Sea|Fish
Sea horse|https://vignette.wikia.nocookie.net/animalcrossing/images/5/55/NH-Icon-seahorse.png/revision/latest/scale-to-width-down/64?cb=20200401003129|1100|||All day|[4, 5, 6, 7, 8, 9, 10, 11]|Northern Hemisphere|Sea|Fish
Snail|https://vignette.wikia.nocookie.net/animalcrossing/images/b/b1/NH-Icon-snail.png/revision/latest/scale-to-width-down/64?cb=20200401005429|250|||All day|[1, 2, 3, 4, 5, 6, 7, 8, 9, 10, 11, 12]|Northern Hemisphere|On rocks and bushes during rain|Bug
Snail|https://vignette.wikia.nocookie.net/animalcrossing/images/b/b1/NH-Icon-snail.png/revision/latest/scale-to-width-down/64?cb=20200401005429|250|||All day|[1, 2, 3, 4, 5, 6, 7, 8, 9, 10, 11, 12]|Southern Hemisphere|On rocks and bushes during rain|Bug
Snapping Turtle|https://vignette.wikia.nocookie.net/animalcrossing/images/2/24/NH-Icon-snappingturtle.png/revision/latest/scale-to-width-down/64?cb=20200401003129|5,000|||9pm - 4am|[1, 2, 3, 4, 10, 11, 12]|Southern Hemisphere|River|Fish
Snapping Turtle|https://vignette.wikia.nocookie.net/animalcrossing/images/2/24/NH-Icon-snappingturtle.png/revision/latest/scale-to-width-down/64?cb=20200401003129|5000|||9pm - 4am|[4, 5, 6, 7, 8, 9, 10]|Northern Hemisphere|River|Fish
Soft-shelled turtle|https://vignette.wikia.nocookie.net/animalcrossing/images/c/c3/NH-Icon-softshelledturtle.png/revision/latest/scale-to-width-down/64?cb=20200401003129|3,750|||4pm - 9am|[2, 3]|Southern Hemisphere|River|Fish
Soft-shelled turtle|https://vignette.wikia.nocookie.net/animalcrossing/images/c/c3/NH-Icon-softshelledturtle.png/revision/latest/scale-to-width-down/64?cb=20200401003129|3,750|||4pm - 9am|[8, 9]|Northern Hemisphere|River|Fish
Spider|https://vignette.wikia.nocookie.net/animalcrossing/images/2/26/NH-Icon-spider.png/revision/latest/scale-to-width-down/64?cb=20200401005429|480|||7pm - 8am|[1, 2, 3, 4, 5, 6, 7, 8, 9, 10, 11, 12]|Northern Hemisphere|Shaking trees|Bug
Spider|https://vignette.wikia.nocookie.net/animalcrossing/images/2/26/NH-Icon-spider.png/revision/latest/scale-to-width-down/64?cb=20200401005429|480|||7pm - 8am|[1, 2, 3, 4, 5, 6, 7, 8, 9, 10, 11, 12]|Southern Hemisphere|Shaking trees|Bug
Squid|https://vignette.wikia.nocookie.net/animalcrossing/images/3/3b/NH-Icon-squid.png/revision/latest/scale-to-width-down/64?cb=20200401003130|500|||All day|[1, 2, 6, 7, 8, 9, 10, 11, 12]|Southern Hemisphere|Sea|Fish
Squid|https://vignette.wikia.nocookie.net/animalcrossing/images/3/3b/NH-Icon-squid.png/revision/latest/scale-to-width-down/64?cb=20200401003130|500|||All day|[2, 3, 4, 5, 6, 7, 8, 12]|Northern Hemisphere|Sea|Fish
Stinkbug|https://vignette.wikia.nocookie.net/animalcrossing/images/8/80/NH-Icon-stinkbug.png/revision/latest/scale-to-width-down/64?cb=20200401005429|120|||All day|[1, 2, 3, 4, 9, 10, 11, 12]|Southern Hemisphere|On flowers|Bug
Stinkbug|https://vignette.wikia.nocookie.net/animalcrossing/images/8/80/NH-Icon-stinkbug.png/revision/latest/scale-to-width-down/64?cb=20200401005429|120|||All day|[3, 4, 5, 6, 7, 8, 9, 10]|Northern Hemisphere|On flowers|Bug
Stringfish|https://vignette.wikia.nocookie.net/animalcrossing/images/7/7b/NH-Icon-stringfish.png/revision/latest/scale-to-width-down/64?cb=20200401003129|15,000|||4pm - 9am|[2, 3, 12]|Northern Hemisphere|River (Clifftop)|Fish
Stringfish|https://vignette.wikia.nocookie.net/animalcrossing/images/7/7b/NH-Icon-stringfish.png/revision/latest/scale-to-width-down/64?cb=20200401003129|15,000|||4pm - 9am|[6, 7, 8, 9]|Southern Hemisphere|River (Clifftop)|Fish
Sturgeon|https://vignette.wikia.nocookie.net/animalcrossing/images/9/98/NH-Icon-sturgeon.png/revision/latest/scale-to-width-down/64?cb=20200401003129|10,000|||All day|[2, 3, 9, 10, 11, 12]|Northern Hemisphere|River (Mouth)|Fish
Sturgeon|https://vignette.wikia.nocookie.net/animalcrossing/images/9/98/NH-Icon-sturgeon.png/revision/latest/scale-to-width-down/64?cb=20200401003129|10,000|||All day|[3, 4, 5, 6, 7, 8, 9]|Southern Hemisphere|River (Mouth)|Fish
Suckerfish|https://vignette.wikia.nocookie.net/animalcrossing/images/b/b9/NH-Icon-suckerfish.png/revision/latest/scale-to-width-down/64?cb=20200401003131|1,500|||All day|[1, 2, 3, 12]|Southern Hemisphere|Sea|Fish
Suckerfish|https://vignette.wikia.nocookie.net/animalcrossing/images/b/b9/NH-Icon-suckerfish.png/revision/latest/scale-to-width-down/64?cb=20200401003131|1,500|||All day|[6, 7, 8, 9]|Northern Hemisphere|Sea|Fish
Surgeonfish|https://vignette.wikia.nocookie.net/animalcrossing/images/1/11/NH-Icon-surgeonfish.png/revision/latest/scale-to-width-down/64?cb=20200401003129|1,000|||All day|[1, 2, 3, 10, 11, 12]|Southern Hemisphere|Sea|Fish
Surgeonfish|https://vignette.wikia.nocookie.net/animalcrossing/images/1/11/NH-Icon-surgeonfish.png/revision/latest/scale-to-width-down/64?cb=20200401003129|1000|||All day|[4, 5, 6, 7, 8, 9]|Northern Hemisphere|Sea|Fish
Sweetfish|https://vignette.wikia.nocookie.net/animalcrossing/images/4/40/NH-Icon-sweetfish.png/revision/latest/scale-to-width-down/64?cb=20200401003129|900|||All day|[1, 2, 3]|Southern Hemisphere|River|Fish
Sweetfish|https://vignette.wikia.nocookie.net/animalcrossing/images/4/40/NH-Icon-sweetfish.png/revision/latest/scale-to-width-down/64?cb=20200401003129|900|||All day|[7, 8, 9]|Northern Hemisphere|River|Fish
Tadpole|https://vignette.wikia.nocookie.net/animalcrossing/images/1/1c/NH-Icon-tadpole.png/revision/latest/scale-to-width-down/64?cb=20200401003129|100|||All day|[1, 9, 10, 11, 12]|Southern Hemisphere|Pond|Fish
Tadpole|https://vignette.wikia.nocookie.net/animalcrossing/images/1/1c/NH-Icon-tadpole.png/revision/latest/scale-to-width-down/64?cb=20200401003129|100|||All day|[3, 4, 5, 6, 7]|Northern Hemisphere|Pond|Fish
Tarantula|https://vignette.wikia.nocookie.net/animalcrossing/images/0/0a/NH-Icon-tarantula.png/revision/latest/scale-to-width-down/64?cb=20200401005429|8,000|||7pm - 4am|[1, 2, 3, 4, 11, 12]|Northern Hemisphere|On the ground|Bug
Tarantula|https://vignette.wikia.nocookie.net/animalcrossing/images/0/0a/NH-Icon-tarantula.png/revision/latest/scale-to-width-down/64?cb=20200401005429|8,000|||7pm - 4am|[5, 6, 7, 8, 9, 10]|Southern Hemisphere|On the ground|Bug
Tiger beetle|https://vignette.wikia.nocookie.net/animalcrossing/images/e/e3/NH-Icon-tigerbeetle.png/revision/latest/scale-to-width-down/64?cb=20200401005428|1,500|||All day|[1, 2, 3, 4, 8, 9, 10, 11, 12]|Southern Hemisphere|On the ground|Bug
Tiger beetle|https://vignette.wikia.nocookie.net/animalcrossing/images/e/e3/NH-Icon-tigerbeetle.png/revision/latest/scale-to-width-down/64?cb=20200401005428|1,500|||All day|[2, 3, 4, 5, 6, 7, 8, 9, 10]|Northern Hemisphere|On the ground|Bug
Tiger butterfly|https://vignette.wikia.nocookie.net/animalcrossing/images/6/65/NH-Icon-tigerbutterfly.png/revision/latest/scale-to-width-down/64?cb=20200401005429|240|||4am - 7pm|[1, 2, 3, 9, 10, 11, 12]|Southern Hemisphere|Flying|Bug
Tiger butterfly|https://vignette.wikia.nocookie.net/animalcrossing/images/6/65/NH-Icon-tigerbutterfly.png/revision/latest/scale-to-width-down/64?cb=20200401005429|240|||4am - 7pm|[3, 4, 5, 6, 7, 8, 9]|Northern Hemisphere|Flying|Bug
Tilapia|https://vignette.wikia.nocookie.net/animalcrossing/images/5/53/NH-Icon-tilapia.png/revision/latest/scale-to-width-down/64?cb=20200401003129|800|||All day|[1, 2, 3, 4, 12]|Southern Hemisphere|River|Fish
Tilapia|https://vignette.wikia.nocookie.net/animalcrossing/images/5/53/NH-Icon-tilapia.png/revision/latest/scale-to-width-down/64?cb=20200401003129|800|||All day|[6, 7, 8, 9, 10]|Northern Hemisphere|River|Fish
Tuna|https://vignette.wikia.nocookie.net/animalcrossing/images/5/50/NH-Icon-tuna.png/revision/latest/scale-to-width-down/64?cb=20200401003129|7,000|||All day|[2, 3, 4, 11, 12]|Northern Hemisphere|Pier|Fish
Tuna|https://vignette.wikia.nocookie.net/animalcrossing/images/5/50/NH-Icon-tuna.png/revision/latest/scale-to-width-down/64?cb=20200401003129|7,000|||All day|[5, 6, 7, 8, 9, 10]|Southern Hemisphere|Pier|Fish
Violin beetle|https://vignette.wikia.nocookie.net/animalcrossing/images/6/6a/NH-Icon-violinbeetle.png/revision/latest/scale-to-width-down/64?cb=20200401005429|450|||All day|[3, 4, 5, 11, 12]|Southern Hemisphere|On tree stumps|Bug
Violin beetle|https://vignette.wikia.nocookie.net/animalcrossing/images/6/6a/NH-Icon-violinbeetle.png/revision/latest/scale-to-width-down/64?cb=20200401005429|450|||All day|[5, 6, 9, 10, 11]|Northern Hemisphere|On tree stumps|Bug
Walker cicada|https://vignette.wikia.nocookie.net/animalcrossing/images/e/ec/NH-Icon-walkercicada.png/revision/latest/scale-to-width-down/64?cb=20200401005429|400|||8am - 5pm|[2, 3]|Southern Hemisphere|On trees|Bug
Walker cicada|https://vignette.wikia.nocookie.net/animalcrossing/images/e/ec/NH-Icon-walkercicada.png/revision/latest/scale-to-width-down/64?cb=20200401005429|400|||8am - 5pm|[8, 9]|Northern Hemisphere|On trees|Bug
Walking leaf|https://vignette.wikia.nocookie.net/animalcrossing/images/c/cb/NH-Icon-walkingleaf.png/revision/latest/scale-to-width-down/64?cb=20200401005429|600|||All day|[1, 2, 3]|Southern Hemisphere|Disguised as leaves|Bug
Walking leaf|https://vignette.wikia.nocookie.net/animalcrossing/images/c/cb/NH-Icon-walkingleaf.png/revision/latest/scale-to-width-down/64?cb=20200401005429|600|||All day|[7, 8, 9]|Northern Hemisphere|Disguised as leaves|Bug
Walking stick|https://vignette.wikia.nocookie.net/animalcrossing/images/6/62/NH-Icon-walkingstick.png/revision/latest/scale-to-width-down/64?cb=20200401005428|600|||4am - 8am & 5pm - 7pm|[1, 2, 3, 4, 5]|Southern Hemisphere|On trees|Bug
Walking stick|https://vignette.wikia.nocookie.net/animalcrossing/images/6/62/NH-Icon-walkingstick.png/revision/latest/scale-to-width-down/64?cb=20200401005428|600|||4am - 8am & 5pm - 7pm|[7, 8, 9, 10, 11]|Northern Hemisphere|On trees|Bug
Wasp|https://vignette.wikia.nocookie.net/animalcrossing/images/9/9e/NH-Icon-wasp.png/revision/latest/scale-to-width-down/64?cb=20200401005428|2,500|||All day|[1, 2, 3, 4, 5, 6, 7, 8, 9, 10, 11, 12]|Northern Hemisphere|Shaking trees|Bug
Wasp|https://vignette.wikia.nocookie.net/animalcrossing/images/9/9e/NH-Icon-wasp.png/revision/latest/scale-to-width-down/64?cb=20200401005428|2,500|||All day|[1, 2, 3, 4, 5, 6, 7, 8, 9, 10, 11, 12]|Southern Hemisphere|Shaking trees|Bug
Whale shark|https://vignette.wikia.nocookie.net/animalcrossing/images/1/1c/NH-Icon-whaleshark.png/revision/latest/scale-to-width-down/64?cb=20200401003129|13,000|||All day|[1, 2, 3, 12]|Southern Hemisphere|Sea|Fish
Whale shark|https://vignette.wikia.nocookie.net/animalcrossing/images/1/1c/NH-Icon-whaleshark.png/revision/latest/scale-to-width-down/64?cb=20200401003129|13,000|||All day|[6, 7, 8, 9]|Northern Hemisphere|Sea|Fish
Wharf roach|https://vignette.wikia.nocookie.net/animalcrossing/images/5/5d/NH-Icon-wharfroach.png/revision/latest/scale-to-width-down/64?cb=20200401005428|200|||All day|[1, 2, 3, 4, 5, 6, 7, 8, 9, 10, 11, 12]|Northern Hemisphere|On rocks at the beach|Bug
Wharf roach|https://vignette.wikia.nocookie.net/animalcrossing/images/5/5d/NH-Icon-wharfroach.png/revision/latest/scale-to-width-down/64?cb=20200401005428|200|||All day|[1, 2, 3, 4, 5, 6, 7, 8, 9, 10, 11, 12]|Southern Hemisphere|On rocks at the beach|Bug
Yellow butterfly|https://vignette.wikia.nocookie.net/animalcrossing/images/f/fa/NH-Icon-yellowbutterfly.png/revision/latest/scale-to-width-down/64?cb=20200401005428|160|||4am - 7pm|[3, 4, 5, 6, 9, 10]|Northern Hemisphere|Flying|Bug
Yellow butterfly|https://vignette.wikia.nocookie.net/animalcrossing/images/f/fa/NH-Icon-yellowbutterfly.png/revision/latest/scale-to-width-down/64?cb=20200401005428|160|||4am - 7pm|[3, 4, 9, 10, 11, 12]|Southern Hemisphere|Flying|Bug
Yellow perch|https://vignette.wikia.nocookie.net/animalcrossing/images/1/1d/NH-Icon-yellowperch.png/revision/latest/scale-to-width-down/64?cb=20200401003129|300|||All day|[2, 3, 10, 11, 12]|Northern Hemisphere|River|Fish
Yellow perch|https://vignette.wikia.nocookie.net/animalcrossing/images/1/1d/NH-Icon-yellowperch.png/revision/latest/scale-to-width-down/64?cb=20200401003129|300|||All day|[4, 5, 6, 7, 8, 9]|Southern Hemisphere|River|Fish
Zebra turkeyfish|https://vignette.wikia.nocookie.net/animalcrossing/images/1/1c/NH-Icon-zebraturkeyfish.png/revision/latest/scale-to-width-down/64?cb=20200401003130|500|||All day|[1, 2, 3, 4, 5, 10, 12]|Southern Hemisphere|Sea|Fish
Zebra turkeyfish|https://vignette.wikia.nocookie.net/animalcrossing/images/1/1c/NH-Icon-zebraturkeyfish.png/revision/latest/scale-to-width-down/64?cb=20200401003130|500|||All day|[4, 5, 6, 7, 8, 9, 10, 11]|Northern Hemisphere|Sea|Fish
Zebra turkeyfish]|https://vignette.wikia.nocookie.net/animalcrossing/images/1/1c/NH-Icon-zebraturkeyfish.png/revision/latest/scale-to-width-down/64?cb=20200401003130|500|||All day|[11]|Southern Hemisphere|Sea|Fish
Seaweed|https://vignette.wikia.nocookie.net/animalcrossing/images/8/82/NH-Icon-seaweed.png/revision/latest/scale-to-width-down/64?cb=20200703072917|600|Large|Stationary|All Day|[1, 2, 3, 4, 5, 6, 7, 10, 11, 12]|Northern Hemisphere||Deep Sea Creature
Sea Grapes|https://vignette.wikia.nocookie.net/animalcrossing/images/5/51/NH-Icon-seagrapes.png/revision/latest?cb=20200703072938|900|Medium|Stationary|All Day|[6, 7, 8, 9]|Northern Hemisphere||Deep Sea Creature
Sea cucumber|https://vignette.wikia.nocookie.net/animalcrossing/images/f/fc/NH-Icon-seacucumber.png/revision/latest?cb=20200703072949|500|Medium|Slow Consistent Movement|All Day|[1, 2, 3, 4, 11, 12]|Northern Hemisphere||Deep Sea Creature
Sea Pig|https://vignette.wikia.nocookie.net/animalcrossing/images/3/39/NH-Icon-seapig.png/revision/latest?cb=20200703072957|8000|Medium|Quick Long Lunges|4pm - 9am|[1, 2, 11, 12]|Northern Hemisphere||Deep Sea Creature
Sea Star|https://vignette.wikia.nocookie.net/animalcrossing/images/9/92/NH-Icon-seastar.png/revision/latest?cb=20200703073005|500|Medium|Slow Short Lunges|All Day|[1, 2, 3, 4, 5, 6, 7, 8, 9, 10, 11, 12]|Northern Hemisphere||Deep Sea Creature
Sea Urchin|https://vignette.wikia.nocookie.net/animalcrossing/images/d/d6/NH-Icon-seaurchin.png/revision/latest?cb=20200703073015|1700|Medium|Slow Consistent Movement|All Day|[5, 6, 7, 8, 9]|Northern Hemisphere||Deep Sea Creature
Slate Pencil Urchin|https://vignette.wikia.nocookie.net/animalcrossing/images/c/cd/NH-Icon-slatepencilurchin.png/revision/latest?cb=20200703073024|2000|Large|Medium Consistent Movement|4pm - 9am|[5, 6, 7, 8, 9]|Northern Hemisphere||Deep Sea Creature
Sea anemone|https://vignette.wikia.nocookie.net/animalcrossing/images/b/b4/NH-Icon-seaanemone.png/revision/latest?cb=20200703073043|600|Large|Stationary|All Day|[1, 2, 3, 4, 5, 6, 7, 8, 9, 10, 11, 12]|Northern Hemisphere||Deep Sea Creature
Moon jellyfish|https://vignette.wikia.nocookie.net/animalcrossing/images/b/b2/NH-Icon-moonjellyfish.png/revision/latest?cb=20200703073049|600|Small|Slow Consistent Movement|All Day|[7, 8, 9]|Northern Hemisphere||Deep Sea Creature
Sea slug|https://vignette.wikia.nocookie.net/animalcrossing/images/d/d4/NH-Icon-seaslug.png/revision/latest?cb=20200703073056|600|Small|Slow Consistent Movement|All Day|[1, 2, 3, 4, 5, 6, 7, 8, 9, 10, 11, 12]|Northern Hemisphere||Deep Sea Creature
Pearl oyster|https://vignette.wikia.nocookie.net/animalcrossing/images/d/d8/NH-Icon-pearloyster.png/revision/latest?cb=20200703073103|2800|Medium|Moderate Long Lunges|All Day|[1, 2, 3, 4, 5, 6, 7, 8, 9, 10, 11, 12]|Northern Hemisphere||Deep Sea Creature
Mussel|https://vignette.wikia.nocookie.net/animalcrossing/images/4/49/NH-Icon-mussel.png/revision/latest?cb=20200703073123|1500|Small|Slow Consistent Movement|All Day|[6, 7, 8, 9, 10, 11, 12]|Northern Hemisphere||Deep Sea Creature
Oyster|https://vignette.wikia.nocookie.net/animalcrossing/images/a/a1/NH-Icon-oyster.png/revision/latest?cb=20200703073146|2000|?|?|All Day|[1, 2, 9, 10, 11, 12]|Northern Hemisphere||Deep Sea Creature
Scallop|https://vignette.wikia.nocookie.net/animalcrossing/images/7/7e/NH-Icon-scallop.png/revision/latest?cb=20200703073131|1200|Large|Slow Long Lunges|All Day|[1, 2, 3, 4, 5, 6, 7, 8, 9, 10, 11, 12]|Northern Hemisphere||Deep Sea Creature
Whelk|https://vignette.wikia.nocookie.net/animalcrossing/images/5/51/NH-Icon-whelk.png/revision/latest?cb=20200703073139|1000|Medium|Slow Consistent Movement|All Day|[1, 2, 3, 4, 5, 6, 7, 8, 9, 10, 11, 12]|Northern Hemisphere||Deep Sea Creature
Turban shell|https://vignette.wikia.nocookie.net/animalcrossing/images/4/41/NH-Icon-turbanshell.png/revision/latest?cb=20200703073206|800|Medium|Slow|All Day|[3, 4, 5, 9, 10, 11, 12]|Northern Hemisphere||Deep Sea Creature
Abalone|https://vignette.wikia.nocookie.net/animalcrossing/images/f/f1/NH-Icon-abalone.png/revision/latest?cb=20200703073152|2000|Big|Moderate Consistent Movement|4pm - 9am|[1, 6, 7, 8, 9, 10, 11, 12]|Northern Hemisphere||Deep Sea Creature
Gigas Giant Clam|https://vignette.wikia.nocookie.net/animalcrossing/images/0/09/NH-Icon-gigasgiantclam.png/revision/latest?cb=20200703073847|15000|Large|Quick Short Lunges|All Day|[5, 6, 7, 8, 9]|Northern Hemisphere||Deep Sea Creature
Chambered nautilus|https://vignette.wikia.nocookie.net/animalcrossing/images/a/ab/NH-Icon-chamberednautilus.png/revision/latest?cb=20200703073241|1440|Large|Slow|4pm - 9am|[3, 4, 5, 6, 9, 10, 11]|Northern Hemisphere||Deep Sea Creature
Octopus|https://vignette.wikia.nocookie.net/animalcrossing/images/4/4e/NH-Icon-octopus.png/revision/latest?cb=20200703073226|1200|Large|Slow Long Lunges|All Day|[1, 2, 3, 4, 5, 6, 7, 8, 9, 10, 11, 12]|Northern Hemisphere||Deep Sea Creature
Umbrella Octopus|https://vignette.wikia.nocookie.net/animalcrossing/images/f/f5/NH-Icon-umbrellaoctopus.png/revision/latest?cb=20200703073735|?|Medium|Quick Short Lunges|All Day|[3, 4, 5, 9, 10, 11]|Northern Hemisphere||Deep Sea Creature
Vampire Squid|https://vignette.wikia.nocookie.net/animalcrossing/images/1/13/NH-Icon-vampiresquid.png/revision/latest?cb=20200703073755|10000|?|Quick|4pm - 9am|[5, 6, 7, 8]|Northern Hemisphere||Deep Sea Creature
Firefly Squid|https://vignette.wikia.nocookie.net/animalcrossing/images/8/85/NH-Icon-fireflysquid.png/revision/latest?cb=20200703074330|?|?|?|9pm - 4am|[3, 4, 5, 6]|Northern Hemisphere||Deep Sea Creature
Gazami Crab|https://vignette.wikia.nocookie.net/animalcrossing/images/5/52/NH-Icon-gazamicrab.png/revision/latest?cb=20200703073714|2200|Large|Slow Consistent Movement|All Day|[6, 7, 8, 9, 10, 11]|Northern Hemisphere||Deep Sea Creature
Dungeness Crab|https://vignette.wikia.nocookie.net/animalcrossing/images/7/7e/NH-Icon-dungenesscrab.png/revision/latest?cb=20200703073838|?|?|?|All Day|[1, 2, 3, 4, 5, 11, 12]|Northern Hemisphere||Deep Sea Creature
Snow Crab|https://vignette.wikia.nocookie.net/animalcrossing/images/6/69/NH-Icon-snowcrab.png/revision/latest?cb=20200703073707|6000|?|?|All Day|[1, 2, 3, 4, 11, 12]|Northern Hemisphere||Deep Sea Creature
Red king crab|https://vignette.wikia.nocookie.net/animalcrossing/images/a/ae/NH-Icon-redkingcrab.png/revision/latest?cb=20200703073941|8000|Large|Quick|All Day|[1, 2, 3, 11, 12]|Northern Hemisphere||Deep Sea Creature
Acorn Barnacle|https://vignette.wikia.nocookie.net/animalcrossing/images/e/e3/NH-Icon-acornbarnacle.png/revision/latest?cb=20200703073745|600|Small|Stationary|All Day|[1, 2, 3, 4, 5, 6, 7, 8, 9, 10, 11, 12]|Northern Hemisphere||Deep Sea Creature
Spider crab|https://vignette.wikia.nocookie.net/animalcrossing/images/d/d5/NH-Icon-spidercrab.png/revision/latest?cb=20200703073641|?|Large|Quick|All Day|[3, 4]|Northern Hemisphere||Deep Sea Creature
Tiger Prawn|https://vignette.wikia.nocookie.net/animalcrossing/images/c/c7/NH-Icon-tigerprawn.png/revision/latest?cb=20200703073805|3000|?|Moderate Consistent Movement|4pm - 9am|[6, 7, 8, 9]|Northern Hemisphere||Deep Sea Creature
Sweet shrimp|https://vignette.wikia.nocookie.net/animalcrossing/images/6/68/NH-Icon-sweetshrimp.png/revision/latest?cb=20200703073215|?|?|?|4 pm - 9 am|[1, 2, 9, 10, 11, 12]|Northern Hemisphere||Deep Sea Creature
Mantis Shrimp|https://vignette.wikia.nocookie.net/animalcrossing/images/a/a5/NH-Icon-mantisshrimp.png/revision/latest?cb=20200703073828|2500|Big|Quick Short Lunges|4pm - 9am|[1, 2, 3, 4, 5, 6, 7, 8, 9, 10, 11, 12]|Northern Hemisphere||Deep Sea Creature
Spiny lobster|https://vignette.wikia.nocookie.net/animalcrossing/images/7/72/NH-Icon-spinylobster.png/revision/latest?cb=20200703073647|?|?|?|9 pm - 4 am|[10, 11, 12]|Northern Hemisphere||Deep Sea Creature
Lobster|https://vignette.wikia.nocookie.net/animalcrossing/images/b/bc/NH-Icon-lobster.png/revision/latest?cb=20200703073654|4500|Large|Quick|All Day|[1, 2, 3, 4, 5, 8, 12]|Northern Hemisphere||Deep Sea Creature
Giant isopod|https://vignette.wikia.nocookie.net/animalcrossing/images/1/19/NH-Icon-giantisopod.png/revision/latest?cb=20200703073911|12000|Large|Quick Long Lunges|9am - 4pm & 9pm - 4am|[7, 8, 9, 10]|Northern Hemisphere||Deep Sea Creature
Horseshoe Crab|https://vignette.wikia.nocookie.net/animalcrossing/images/d/d4/NH-Icon-horseshoecrab.png/revision/latest?cb=20200703073923|2500|?|?|9pm - 4am|[7, 8, 9]|Northern Hemisphere||Deep Sea Creature
Sea Pineapple|https://vignette.wikia.nocookie.net/animalcrossing/images/7/79/NH-Icon-seapineapple.png/revision/latest?cb=20200703073932|1500|Medium|Slow Long Lunges|All Day|[4, 5, 6, 7, 8]|Northern Hemisphere||Deep Sea Creature
Spotted garden eel|https://vignette.wikia.nocookie.net/animalcrossing/images/1/19/NH-Icon-spottedgardeneel.png/revision/latest?cb=20200703073947|1100|Small|Slow Consistent Movement|4am - 9pm|[5, 6, 7, 8, 9, 10]|Northern Hemisphere||Deep Sea Creature
Flatworm|https://vignette.wikia.nocookie.net/animalcrossing/images/a/a3/NH-Icon-flatworm.png/revision/latest?cb=20200703073720|700|Small|Slow Short Movement|4pm - 9am|[8, 9]|Northern Hemisphere||Deep Sea Creature
Venus Flower Basket|https://vignette.wikia.nocookie.net/animalcrossing/images/2/22/NH-Icon-venusflowerbasket.png/revision/latest?cb=20200703073727|5000|Large|Quick Long Lunges|All Day|[1, 2, 10, 11, 12]|Northern Hemisphere||Deep Sea Creature
Seaweed|https://vignette.wikia.nocookie.net/animalcrossing/images/8/82/NH-Icon-seaweed.png/revision/latest/scale-to-width-down/64?cb=20200703072917|600|Large|Stationary|All Day|[1, 4, 5, 6, 7, 8, 9, 10, 11, 12]|Southern Hemisphere||Deep Sea Creature
Sea grapes|https://vignette.wikia.nocookie.net/animalcrossing/images/5/51/NH-Icon-seagrapes.png/revision/latest?cb=20200703072938|900|Medium|Stationary|All Day|[1, 2, 3, 12]|Southern Hemisphere||Deep Sea Creature
Sea cucumber|https://vignette.wikia.nocookie.net/animalcrossing/images/f/fc/NH-Icon-seacucumber.png/revision/latest?cb=20200703072949|500|Medium|Slow Consistent Movement|All Day|[5, 6, 7, 8, 9, 10]|Southern Hemisphere||Deep Sea Creature
Sea Pig|https://vignette.wikia.nocookie.net/animalcrossing/images/3/39/NH-Icon-seapig.png/revision/latest?cb=20200703072957|8000|Medium|Quick Long Lunges|4 pm - 9 am|[5, 6, 7, 8]|Southern Hemisphere||Deep Sea Creature
Sea star|https://vignette.wikia.nocookie.net/animalcrossing/images/9/92/NH-Icon-seastar.png/revision/latest?cb=20200703073005|500|Medium|Slow Short Lunges|All Day|[1, 2, 3, 4, 5, 6, 7, 8, 9, 10, 11, 12]|Southern Hemisphere||Deep Sea Creature
Sea urchin|https://vignette.wikia.nocookie.net/animalcrossing/images/d/d6/NH-Icon-seaurchin.png/revision/latest?cb=20200703073015|1700|Medium|Slow Consistent Movement|All Day|[1, 2, 3, 11, 12]|Southern Hemisphere||Deep Sea Creature
Slate Pencil Urchin|https://vignette.wikia.nocookie.net/animalcrossing/images/c/cd/NH-Icon-slatepencilurchin.png/revision/latest?cb=20200703073024|2000|Large|Medium Consistent Movement|4 pm - 9 am|[1, 2, 3, 11, 12]|Southern Hemisphere||Deep Sea Creature
Sea anemone|https://vignette.wikia.nocookie.net/animalcrossing/images/b/b4/NH-Icon-seaanemone.png/revision/latest?cb=20200703073043|500|Large|Stationary|All Day|[1, 2, 3, 4, 5, 6, 7, 8, 9, 10, 11, 12]|Southern Hemisphere||Deep Sea Creature
Moon jellyfish|https://vignette.wikia.nocookie.net/animalcrossing/images/b/b2/NH-Icon-moonjellyfish.png/revision/latest?cb=20200703073049|600|Small|Slow Consistent Movement|All Day|[1, 2, 3]|Southern Hemisphere||Deep Sea Creature
Sea slug|https://vignette.wikia.nocookie.net/animalcrossing/images/d/d4/NH-Icon-seaslug.png/revision/latest?cb=20200703073056|600|Small|Slow Consistent Movement|All Day|[1, 2, 3, 4, 5, 6, 7, 8, 9, 10, 11, 12]|Southern Hemisphere||Deep Sea Creature
Pearl oyster|https://vignette.wikia.nocookie.net/animalcrossing/images/d/d8/NH-Icon-pearloyster.png/revision/latest?cb=20200703073103|2800|Medium|Moderate Long Lunges|All Day|[1, 2, 3, 4, 5, 6, 7, 8, 9, 10, 11, 12]|Southern Hemisphere||Deep Sea Creature
Mussel|https://vignette.wikia.nocookie.net/animalcrossing/images/4/49/NH-Icon-mussel.png/revision/latest?cb=20200703073123|1500|Small|Slow Consistent Movement|All Day|[1, 2, 3, 4, 5, 6, 12]|Southern Hemisphere||Deep Sea Creature
Oyster|https://vignette.wikia.nocookie.net/animalcrossing/images/a/a1/NH-Icon-oyster.png/revision/latest?cb=20200703073146|2000|?|?|All Day|[3, 4, 5, 6, 7, 8]|Southern Hemisphere||Deep Sea Creature
Scallop|https://vignette.wikia.nocookie.net/animalcrossing/images/7/7e/NH-Icon-scallop.png/revision/latest?cb=20200703073131|1200|Large|Slow Long Lunges|All Day|[1, 2, 3, 4, 5, 6, 7, 8, 9, 10, 11, 12]|Southern Hemisphere||Deep Sea Creature
Whelk|https://vignette.wikia.nocookie.net/animalcrossing/images/5/51/NH-Icon-whelk.png/revision/latest?cb=20200703073139|1000|Medium|Slow Consistent Movement|All Day|[1, 2, 3, 4, 5, 6, 7, 8, 9, 10, 11, 12]|Southern Hemisphere||Deep Sea Creature
Spotted garden eel|https://vignette.wikia.nocookie.net/animalcrossing/images/1/19/NH-Icon-spottedgardeneel.png/revision/latest?cb=20200703073947|1100|Medium|?|4am - 9pm|[1, 2, 3, 4, 11, 12]|Southern Hemisphere||Deep Sea Creature
Flatworm|https://vignette.wikia.nocookie.net/animalcrossing/images/a/a3/NH-Icon-flatworm.png/revision/latest?cb=20200703073720|?|?|?|?|[2, 3]|Southern Hemisphere||Deep Sea Creature
Sea Pineapple|https://vignette.wikia.nocookie.net/animalcrossing/images/7/79/NH-Icon-seapineapple.png/revision/latest?cb=20200703073932|1500|Medium|?|?|[1, 2, 10, 11, 12]|Southern Hemisphere||Deep Sea Creature
Abalone|https://vignette.wikia.nocookie.net/animalcrossing/images/f/f1/NH-Icon-abalone.png/revision/latest?cb=20200703073152|2000|Big|?|4pm - 9am|[1, 2, 3, 4, 5, 6, 7, 12]|Southern Hemisphere||Deep Sea Creature
Horseshoe crab|https://vignette.wikia.nocookie.net/animalcrossing/images/d/d4/NH-Icon-horseshoecrab.png/revision/latest?cb=20200703073923|2500|?|?|?|[1, 2, 3]|Southern Hemisphere||Deep Sea Creature
Gazami Crab|https://vignette.wikia.nocookie.net/animalcrossing/images/5/52/NH-Icon-gazamicrab.png/revision/latest?cb=20200703073714|2200|?|?|?|[1, 2, 3, 4, 5, 12]|Southern Hemisphere||Deep Sea Creature
Firefly Squid|https://vignette.wikia.nocookie.net/animalcrossing/images/8/85/NH-Icon-fireflysquid.png/revision/latest?cb=20200703074330|?|?|?|?|[]|Southern Hemisphere||Deep Sea Creature
Spiny lobster|https://vignette.wikia.nocookie.net/animalcrossing/images/7/72/NH-Icon-spinylobster.png/revision/latest?cb=20200703073647|?|?|?|?|[]|Southern Hemisphere||Deep Sea Creature
Venus Flower Basket|https://vignette.wikia.nocookie.net/animalcrossing/images/2/22/NH-Icon-venusflowerbasket.png/revision/latest?cb=20200703073727|5000|Large|Quick Long Lunges|All Day|[4, 5, 6, 7, 8]|Southern Hemisphere||Deep Sea Creature
Spider crab|https://vignette.wikia.nocookie.net/animalcrossing/images/d/d5/NH-Icon-spidercrab.png/revision/latest?cb=20200703073641|?|?|?|?|[]|Southern Hemisphere||Deep Sea Creature
Gigas Giant Clam|https://vignette.wikia.nocookie.net/animalcrossing/images/0/09/NH-Icon-gigasgiantclam.png/revision/latest?cb=20200703073847|15000|?|?|?|[1, 2, 3, 11, 12]|Southern Hemisphere||Deep Sea Creature
Chambered nautilus|https://vignette.wikia.nocookie.net/animalcrossing/images/a/ab/NH-Icon-chamberednautilus.png/revision/latest?cb=20200703073241|?|?|?|?|[]|Southern Hemisphere||Deep Sea Creature
Snow Crab|https://vignette.wikia.nocookie.net/animalcrossing/images/6/69/NH-Icon-snowcrab.png/revision/latest?cb=20200703073707|6000|?|Quick Short Lunges|All Day|[5, 6, 7, 8, 9, 10]|Southern Hemisphere||Deep Sea Creature
Dungeness Crab|https://vignette.wikia.nocookie.net/animalcrossing/images/7/7e/NH-Icon-dungenesscrab.png/revision/latest?cb=20200703073838|1900|?|?|All Day|[5, 6, 7, 8, 9, 10, 11]|Southern Hemisphere||Deep Sea Creature
Vampire Squid|https://vignette.wikia.nocookie.net/animalcrossing/images/1/13/NH-Icon-vampiresquid.png/revision/latest?cb=20200703073755|10000|?|?|?|[]|Southern Hemisphere||Deep Sea Creature
Turban shell|https://vignette.wikia.nocookie.net/animalcrossing/images/4/41/NH-Icon-turbanshell.png/revision/latest?cb=20200703073206|?|?|?|?|[3, 4, 5, 6, 9, 10, 11]|Southern Hemisphere||Deep Sea Creature
Sweet shrimp|https://vignette.wikia.nocookie.net/animalcrossing/images/6/68/NH-Icon-sweetshrimp.png/revision/latest?cb=20200703073215|1400|?|?|4pm - 9am|[3, 4, 5, 6, 7, 8]|Southern Hemisphere||Deep Sea Creature
Lobster|https://vignette.wikia.nocookie.net/animalcrossing/images/b/bc/NH-Icon-lobster.png/revision/latest?cb=20200703073654|4500|?|?|All Day|[6, 7, 10, 11, 12]|Southern Hemisphere||Deep Sea Creature
Umbrella Octopus|https://vignette.wikia.nocookie.net/animalcrossing/images/f/f5/NH-Icon-umbrellaoctopus.png/revision/latest?cb=20200703073735|?|?|?|?|[]|Southern Hemisphere||Deep Sea Creature
Mantis shrimp|https://vignette.wikia.nocookie.net/animalcrossing/images/a/a5/NH-Icon-mantisshrimp.png/revision/latest?cb=20200703073828|2500|?|?|12am - 8am & 4pm - 12am|[1, 2, 3, 4, 5, 6, 7, 8, 9, 10, 11, 12]|Southern Hemisphere||Deep Sea Creature
Tiger prawn|https://vignette.wikia.nocookie.net/animalcrossing/images/c/c7/NH-Icon-tigerprawn.png/revision/latest?cb=20200703073805|3000|?|?|?|[1, 2, 3, 12]|Southern Hemisphere||Deep Sea Creature
Acorn barnacle|https://vignette.wikia.nocookie.net/animalcrossing/images/e/e3/NH-Icon-acornbarnacle.png/revision/latest?cb=20200703073745|600|?|?|All Day|[1, 2, 3, 4, 5, 6, 7, 8, 9, 10, 11, 12]|Southern Hemisphere||Deep Sea Creature
Octopus|https://vignette.wikia.nocookie.net/animalcrossing/images/4/4e/NH-Icon-octopus.png/revision/latest?cb=20200703073226|1200|?|?|All Day|[1, 2, 3, 4, 5, 6, 7, 8, 9, 10, 11, 12]|Southern Hemisphere||Deep Sea Creature
Red king crab|https://vignette.wikia.nocookie.net/animalcrossing/images/a/ae/NH-Icon-redkingcrab.png/revision/latest?cb=20200703073941|8000|?|?|All Day|[5, 6, 7, 8, 9]|Southern Hemisphere||Deep Sea Creature
Giant isopod|https://vignette.wikia.nocookie.net/animalcrossing/images/1/19/NH-Icon-giantisopod.png/revision/latest?cb=20200703073911|12000|?|?|9am - 4pm & 9pm - 4am|[7, 8, 9, 10]|Southern Hemisphere||Deep Sea Creature
