Name|url|Price|Shadow Size|Swimming Pattern|Time|Months|Hemisphere|Location|Type|index|Size
Agrias butterfly|https://vignette.wikia.nocookie.net/animalcrossing/images/d/dc/NH-Icon-agriasbutterfly.png/revision/latest/scale-to-width-down/64?cb=20200401005428|3,000|||8am - 5pm|[1, 2, 3, 10, 11, 12]|Southern Hemisphere|Flying|Bug|0.0|
Agrias butterfly|https://vignette.wikia.nocookie.net/animalcrossing/images/d/dc/NH-Icon-agriasbutterfly.png/revision/latest/scale-to-width-down/64?cb=20200401005428|3,000|||8am - 5pm|[4, 5, 6, 7, 8, 9]|Northern Hemisphere|Flying|Bug|0.0|
Anchovy|https://vignette.wikia.nocookie.net/animalcrossing/images/2/24/NH-Icon-anchovy.png/revision/latest/scale-to-width-down/64?cb=20200401003129|200|||4am - 9pm|[1, 2, 3, 4, 5, 6, 7, 8, 9, 10, 11, 12]|Southern Hemisphere|Sea|Fish|2.0|Small
Anchovy|https://vignette.wikia.nocookie.net/animalcrossing/images/2/24/NH-Icon-anchovy.png/revision/latest/scale-to-width-down/64?cb=20200401003129|200|||4am - 9pm|[2, 3, 4, 5, 6, 7, 8, 9, 10, 11, 12]|Northern Hemisphere|Sea|Fish|2.0|Small
Angelfish|https://vignette.wikia.nocookie.net/animalcrossing/images/6/63/NH-Icon-angelfish.png/revision/latest/scale-to-width-down/64?cb=20200401003128|3,000|||4pm - 9am|[1, 2, 3, 4, 11, 12]|Southern Hemisphere|River|Fish|4.0|Small
Angelfish|https://vignette.wikia.nocookie.net/animalcrossing/images/6/63/NH-Icon-angelfish.png/revision/latest/scale-to-width-down/64?cb=20200401003128|3,000|||4pm - 9am|[5, 6, 7, 8, 9, 10]|Northern Hemisphere|River|Fish|4.0|Small
Ant|https://vignette.wikia.nocookie.net/animalcrossing/images/4/45/NH-Icon-ant.png/revision/latest/scale-to-width-down/64?cb=20200401005428|80|||All day|[1, 2, 3, 4, 5, 6, 7, 8, 9, 10, 11, 12]|Northern Hemisphere|On rotten food|Bug|6.0|
Ant|https://vignette.wikia.nocookie.net/animalcrossing/images/4/45/NH-Icon-ant.png/revision/latest/scale-to-width-down/64?cb=20200401005428|80|||All day|[1, 2, 3, 4, 5, 6, 7, 8, 9, 10, 11, 12]|Southern Hemisphere|On rotten food|Bug|6.0|
Arapaima|https://vignette.wikia.nocookie.net/animalcrossing/images/7/7f/NH-Icon-arapaima.png/revision/latest/scale-to-width-down/64?cb=20200401003128|10,000|||4pm - 9am|[1, 2, 3, 12]|Southern Hemisphere|River|Fish|8.0|Huge
Arapaima|https://vignette.wikia.nocookie.net/animalcrossing/images/7/7f/NH-Icon-arapaima.png/revision/latest/scale-to-width-down/64?cb=20200401003128|10,000|||4pm - 9am|[6, 7, 8, 9]|Northern Hemisphere|River|Fish|8.0|Huge
Arowana|https://vignette.wikia.nocookie.net/animalcrossing/images/b/bf/NH-Icon-arowana.png/revision/latest/scale-to-width-down/64?cb=20200401003128|10,000|||4pm - 9am|[1, 2, 3, 12]|Southern Hemisphere|River|Fish|10.0|Medium-large
Arowana|https://vignette.wikia.nocookie.net/animalcrossing/images/b/bf/NH-Icon-arowana.png/revision/latest/scale-to-width-down/64?cb=20200401003128|10,000|||4pm - 9am|[6, 7, 8, 9]|Northern Hemisphere|River|Fish|10.0|Medium-large
Atlas moth|https://vignette.wikia.nocookie.net/animalcrossing/images/6/6a/NH-Icon-atlasmoth.png/revision/latest/scale-to-width-down/64?cb=20200401005428|3,000|||7pm - 4am|[1, 2, 3, 10, 11, 12]|Southern Hemisphere|On trees|Bug|12.0|
Atlas moth|https://vignette.wikia.nocookie.net/animalcrossing/images/6/6a/NH-Icon-atlasmoth.png/revision/latest/scale-to-width-down/64?cb=20200401005428|3,000|||7pm - 4am|[4, 5, 6, 7, 8, 9]|Northern Hemisphere|On trees|Bug|12.0|
Bagworm|https://vignette.wikia.nocookie.net/animalcrossing/images/8/81/NH-Icon-bagworm.png/revision/latest/scale-to-width-down/64?cb=20200401005428|600|||All day|[1, 2, 3, 4, 5, 6, 7, 8, 9, 10, 11, 12]|Northern Hemisphere|Shaking trees|Bug|14.0|
Bagworm|https://vignette.wikia.nocookie.net/animalcrossing/images/8/81/NH-Icon-bagworm.png/revision/latest/scale-to-width-down/64?cb=20200401005428|600|||All day|[1, 2, 3, 4, 5, 6, 7, 8, 9, 10, 11, 12]|Southern Hemisphere|Shaking trees|Bug|14.0|
Banded dragonfly|https://vignette.wikia.nocookie.net/animalcrossing/images/6/64/NH-Icon-bandeddragonfly.png/revision/latest/scale-to-width-down/64?cb=20200401005428|4,500|||8am - 5pm|[1, 2, 3, 4, 11, 12]|Southern Hemisphere|Flying|Bug|16.0|
Banded dragonfly|https://vignette.wikia.nocookie.net/animalcrossing/images/6/64/NH-Icon-bandeddragonfly.png/revision/latest/scale-to-width-down/64?cb=20200401005428|4,500|||8am - 5pm|[5, 6, 7, 8, 9, 10]|Northern Hemisphere|Flying|Bug|16.0|
Barred knifejaw|https://vignette.wikia.nocookie.net/animalcrossing/images/8/8c/NH-Icon-barredknifejaw.png/revision/latest/scale-to-width-down/64?cb=20200401003128|5,000|||All day|[1, 2, 3, 4, 5, 9, 10, 11, 12]|Southern Hemisphere|Sea|Fish|18.0|Medium-small
Barred knifejaw|https://vignette.wikia.nocookie.net/animalcrossing/images/8/8c/NH-Icon-barredknifejaw.png/revision/latest/scale-to-width-down/64?cb=20200401003128|5,000|||All day|[3, 4, 5, 6, 7, 8, 9, 10, 11]|Northern Hemisphere|Sea|Fish|18.0|Medium-small
Barreleye|https://vignette.wikia.nocookie.net/animalcrossing/images/c/c7/NH-Icon-barreleye.png/revision/latest/scale-to-width-down/64?cb=20200401003128|15,000|||9pm - 4am|[1, 2, 3, 4, 5, 6, 7, 8, 9, 10, 11, 12]|Southern Hemisphere|Sea|Fish|20.0|Small
Barreleye|https://vignette.wikia.nocookie.net/animalcrossing/images/c/c7/NH-Icon-barreleye.png/revision/latest/scale-to-width-down/64?cb=20200401003128|15,000|||9pm - 4am|[2, 3, 4, 5, 6, 7, 8, 9, 10, 11, 12]|Northern Hemisphere|Sea|Fish|20.0|Small
Bell cricket|https://vignette.wikia.nocookie.net/animalcrossing/images/9/99/NH-Icon-bellcricket.png/revision/latest/scale-to-width-down/64?cb=20200401005428|430|||5pm - 8am|[3, 4]|Southern Hemisphere|On the ground|Bug|22.0|
Bell cricket|https://vignette.wikia.nocookie.net/animalcrossing/images/9/99/NH-Icon-bellcricket.png/revision/latest/scale-to-width-down/64?cb=20200401005428|430|||5pm - 8am|[9, 10]|Northern Hemisphere|On the ground|Bug|22.0|
Betta|https://vignette.wikia.nocookie.net/animalcrossing/images/7/7c/NH-Icon-betta.png/revision/latest/scale-to-width-down/64?cb=20200401003129|2,500|||9am - 4pm|[1, 2, 3, 4, 11, 12]|Southern Hemisphere|River|Fish|24.0|Small
Betta|https://vignette.wikia.nocookie.net/animalcrossing/images/7/7c/NH-Icon-betta.png/revision/latest/scale-to-width-down/64?cb=20200401003129|2,500|||9am - 4pm|[5, 6, 7, 8, 9, 10]|Northern Hemisphere|River|Fish|24.0|Small
Bitterling|https://vignette.wikia.nocookie.net/animalcrossing/images/e/ea/NH-Icon-bitterling.png/revision/latest/scale-to-width-down/64?cb=20200401003128|900|||All day|[2, 3, 11, 12]|Northern Hemisphere|River|Fish|26.0|Tiny
Bitterling|https://vignette.wikia.nocookie.net/animalcrossing/images/e/ea/NH-Icon-bitterling.png/revision/latest/scale-to-width-down/64?cb=20200401003128|900|||All day|[5, 6, 7, 8, 9]|Southern Hemisphere|River|Fish|26.0|Tiny
Black bass|https://vignette.wikia.nocookie.net/animalcrossing/images/e/e2/NH-Icon-blackbass.png/revision/latest/scale-to-width-down/64?cb=20200401003129|400|||All day|[1, 2, 3, 4, 5, 6, 7, 8, 9, 10, 11, 12]|Southern Hemisphere|River|Fish|28.0|Medium-large
Black bass|https://vignette.wikia.nocookie.net/animalcrossing/images/e/e2/NH-Icon-blackbass.png/revision/latest/scale-to-width-down/64?cb=20200401003129|400|||All day|[2, 3, 4, 5, 6, 7, 8, 9, 10, 11, 12]|Northern Hemisphere|River|Fish|28.0|Medium-large
Blowfish|https://vignette.wikia.nocookie.net/animalcrossing/images/3/39/NH-Icon-blowfish.png/revision/latest/scale-to-width-down/64?cb=20200401003129|5,000|||6pm - 4am|[2, 11, 12]|Northern Hemisphere|Sea|Fish|30.0|Medium-small
Blowfish|https://vignette.wikia.nocookie.net/animalcrossing/images/3/39/NH-Icon-blowfish.png/revision/latest/scale-to-width-down/64?cb=20200401003129|5,000|||6pm - 4am|[5, 6, 7, 8]|Southern Hemisphere|Sea|Fish|30.0|Medium-small
Blue marlin|https://vignette.wikia.nocookie.net/animalcrossing/images/2/2f/NH-Icon-bluemarlin.png/revision/latest/scale-to-width-down/64?cb=20200401003129|10,000|||All day|[1, 2, 3, 5, 6, 7, 8, 9, 10]|Southern Hemisphere|Pier|Fish|32.0|Huge
Blue marlin|https://vignette.wikia.nocookie.net/animalcrossing/images/2/2f/NH-Icon-bluemarlin.png/revision/latest/scale-to-width-down/64?cb=20200401003129|10,000|||All day|[2, 3, 4, 7, 8, 9, 11, 12]|Northern Hemisphere|Pier|Fish|32.0|Huge
Blue weevil beetle|https://vignette.wikia.nocookie.net/animalcrossing/images/f/f5/NH-Icon-blueweevilbeetle.png/revision/latest/scale-to-width-down/64?cb=20200401005428|800|||All day|[1, 2]|Southern Hemisphere|On palm trees|Bug|34.0|
Blue weevil beetle|https://vignette.wikia.nocookie.net/animalcrossing/images/f/f5/NH-Icon-blueweevilbeetle.png/revision/latest/scale-to-width-down/64?cb=20200401005428|800|||All day|[7, 8]|Northern Hemisphere|On palm trees|Bug|34.0|
Bluegill|https://vignette.wikia.nocookie.net/animalcrossing/images/6/69/NH-Icon-bluegill.png/revision/latest/scale-to-width-down/64?cb=20200401003129|180|||9am - 4pm|[1, 2, 3, 4, 5, 6, 7, 8, 9, 10, 11, 12]|Southern Hemisphere|River|Fish|36.0|Small
Bluegill|https://vignette.wikia.nocookie.net/animalcrossing/images/6/69/NH-Icon-bluegill.png/revision/latest/scale-to-width-down/64?cb=20200401003129|180|||9am - 4pm|[2, 3, 4, 5, 6, 7, 8, 9, 10, 11, 12]|Northern Hemisphere|River|Fish|36.0|Small
Brown cicada|https://vignette.wikia.nocookie.net/animalcrossing/images/a/ab/NH-Icon-browncicada.png/revision/latest/scale-to-width-down/64?cb=20200401005428|250|||8am - 5pm|[1, 2]|Southern Hemisphere|On trees|Bug|38.0|
Brown cicada|https://vignette.wikia.nocookie.net/animalcrossing/images/a/ab/NH-Icon-browncicada.png/revision/latest/scale-to-width-down/64?cb=20200401005428|250|||8am - 5pm|[7, 8]|Northern Hemisphere|On trees|Bug|38.0|
Butterfly fish|https://vignette.wikia.nocookie.net/animalcrossing/images/8/8e/NH-Icon-butterflyfish.png/revision/latest/scale-to-width-down/64?cb=20200401003129|1,000|||All day|[1, 2, 3, 10, 11, 12]|Southern Hemisphere|Sea|Fish|40.0|Small
Butterfly fish|https://vignette.wikia.nocookie.net/animalcrossing/images/8/8e/NH-Icon-butterflyfish.png/revision/latest/scale-to-width-down/64?cb=20200401003129|1000|||All day|[4, 5, 6, 7, 8, 9]|Northern Hemisphere|Sea|Fish|40.0|Small
Carp|https://vignette.wikia.nocookie.net/animalcrossing/images/2/2c/NH-Icon-carp.png/revision/latest/scale-to-width-down/64?cb=20200401003129|300|||All day|[1, 2, 3, 4, 5, 6, 7, 8, 9, 10, 11, 12]|Southern Hemisphere|Pond|Fish|42.0|Medium-large
Carp|https://vignette.wikia.nocookie.net/animalcrossing/images/2/2c/NH-Icon-carp.png/revision/latest/scale-to-width-down/64?cb=20200401003129|300|||All day|[2, 3, 4, 5, 6, 7, 8, 9, 10, 11, 12]|Northern Hemisphere|Pond|Fish|42.0|Medium-large
Catfish|https://vignette.wikia.nocookie.net/animalcrossing/images/2/29/NH-Icon-catfish.png/revision/latest/scale-to-width-down/64?cb=20200401003129|800|||4pm - 9am|[1, 2, 3, 4, 11, 12]|Southern Hemisphere|Pond|Fish|44.0|Medium-large
Catfish|https://vignette.wikia.nocookie.net/animalcrossing/images/2/29/NH-Icon-catfish.png/revision/latest/scale-to-width-down/64?cb=20200401003129|800|||4pm - 9am|[5, 6, 7, 8, 9, 10]|Northern Hemisphere|Pond|Fish|44.0|Medium-large
Centipede|https://vignette.wikia.nocookie.net/animalcrossing/images/3/30/NH-Icon-centipede.png/revision/latest/scale-to-width-down/64?cb=20200401005429|300|||4pm - 11pm|[1, 2, 3, 4, 5, 6, 9, 10, 11, 12]|Northern Hemisphere|Hitting rocks|Bug|46.0|
Centipede|https://vignette.wikia.nocookie.net/animalcrossing/images/3/30/NH-Icon-centipede.png/revision/latest/scale-to-width-down/64?cb=20200401005429|300|||4pm - 11pm|[3, 4, 5, 6, 7, 8, 9, 10, 11, 12]|Southern Hemisphere|Hitting rocks|Bug|46.0|
Char|https://vignette.wikia.nocookie.net/animalcrossing/images/1/15/NH-Icon-char.png/revision/latest/scale-to-width-down/64?cb=20200401003129|3,800|||4pm - 9am|[3, 4, 5, 6, 9, 10, 11]|Northern Hemisphere|River (Clifftop) Pond|Fish|48.0|Medium-small
Char|https://vignette.wikia.nocookie.net/animalcrossing/images/1/15/NH-Icon-char.png/revision/latest/scale-to-width-down/64?cb=20200401003129|3,800|||4pm - 9am|[3, 4, 5, 9, 10, 11, 12]|Southern Hemisphere|River (Clifftop) Pond|Fish|48.0|Medium-small
Cherry salmon|https://vignette.wikia.nocookie.net/animalcrossing/images/5/5f/NH-Icon-cherrysalmon.png/revision/latest/scale-to-width-down/64?cb=20200401003129|1,000|||4pm - 9am|[3, 4, 5, 6, 9, 10, 11]|Northern Hemisphere|River (Clifftop) Pond|Fish|50.0|Medium-small
Cherry salmon|https://vignette.wikia.nocookie.net/animalcrossing/images/5/5f/NH-Icon-cherrysalmon.png/revision/latest/scale-to-width-down/64?cb=20200401003129|1,000|||4pm - 9am|[3, 4, 5, 9, 10, 11, 12]|Southern Hemisphere|River (Clifftop) Pond|Fish|50.0|Medium-small
Cicada shell|https://vignette.wikia.nocookie.net/animalcrossing/images/9/97/NH-Icon-cicadashell.png/revision/latest/scale-to-width-down/64?cb=20200401005428|10|||All day|[1, 2]|Southern Hemisphere|On trees|Bug|52.0|
Cicada shell|https://vignette.wikia.nocookie.net/animalcrossing/images/9/97/NH-Icon-cicadashell.png/revision/latest/scale-to-width-down/64?cb=20200401005428|10|||All day|[7, 8]|Northern Hemisphere|On trees|Bug|52.0|
Citrus long-horned beetle|https://vignette.wikia.nocookie.net/animalcrossing/images/8/8f/NH-Icon-citruslonghornedbeetle.png/revision/latest/scale-to-width-down/64?cb=20200401005428|350|||All day|[1, 2, 3, 4, 5, 6, 7, 8, 9, 10, 11, 12]|Northern Hemisphere|On tree stumps|Bug|54.0|
Citrus long-horned beetle|https://vignette.wikia.nocookie.net/animalcrossing/images/8/8f/NH-Icon-citruslonghornedbeetle.png/revision/latest/scale-to-width-down/64?cb=20200401005428|350|||All day|[1, 2, 3, 4, 5, 6, 7, 8, 9, 10, 11, 12]|Southern Hemisphere|On tree stumps|Bug|54.0|
Clown fish|https://vignette.wikia.nocookie.net/animalcrossing/images/2/2f/NH-Icon-clownfish.png/revision/latest/scale-to-width-down/64?cb=20200401003129|650|||All day|[1, 2, 3, 10, 11, 12]|Southern Hemisphere|Sea|Fish|56.0|Tiny
Clown fish|https://vignette.wikia.nocookie.net/animalcrossing/images/2/2f/NH-Icon-clownfish.png/revision/latest/scale-to-width-down/64?cb=20200401003129|650|||All day|[4, 5, 6, 7, 8, 9]|Northern Hemisphere|Sea|Fish|56.0|Tiny
Coelacanth|https://vignette.wikia.nocookie.net/animalcrossing/images/3/31/NH-Icon-coelacanth.png/revision/latest/scale-to-width-down/64?cb=20200401003129|15,000|||All day|[1, 2, 3, 4, 5, 6, 7, 8, 9, 10, 11, 12]|Southern Hemisphere|Sea (Raining)|Fish|58.0|Huge
Coelacanth|https://vignette.wikia.nocookie.net/animalcrossing/images/3/31/NH-Icon-coelacanth.png/revision/latest/scale-to-width-down/64?cb=20200401003129|15,000|||All day|[2, 3, 4, 5, 6, 7, 8, 9, 10, 11, 12]|Northern Hemisphere|Sea (Raining)|Fish|58.0|Huge
Common bluebottle|https://vignette.wikia.nocookie.net/animalcrossing/images/5/5e/NH-Icon-commonbluebottle.png/revision/latest/scale-to-width-down/64?cb=20200401005428|300|||4am - 7pm|[1, 2, 10, 11, 12]|Southern Hemisphere|Flying|Bug|60.0|
Common bluebottle|https://vignette.wikia.nocookie.net/animalcrossing/images/5/5e/NH-Icon-commonbluebottle.png/revision/latest/scale-to-width-down/64?cb=20200401005428|300|||4am - 7pm|[4, 5, 6, 7, 8]|Northern Hemisphere|Flying|Bug|60.0|
Common butterfly|https://vignette.wikia.nocookie.net/animalcrossing/images/3/3a/NH-Icon-commonbutterfly.png/revision/latest/scale-to-width-down/64?cb=20200401005428|160|||4am - 7pm|[1, 2, 3, 4, 5, 6, 9, 10, 11, 12]|Northern Hemisphere|Flying|Bug|62.0|
Common butterfly|https://vignette.wikia.nocookie.net/animalcrossing/images/3/3a/NH-Icon-commonbutterfly.png/revision/latest/scale-to-width-down/64?cb=20200401005428|160|||4am - 7pm|[3, 4, 5, 6, 7, 8, 9, 10, 11, 12]|Southern Hemisphere|Flying|Bug|62.0|
Crawfish|https://vignette.wikia.nocookie.net/animalcrossing/images/c/cd/NH-Icon-crawfish.png/revision/latest/scale-to-width-down/64?cb=20200401003129|200|||All day|[1, 2, 3, 10, 11, 12]|Southern Hemisphere|Pond|Fish|64.0|Small
Crawfish|https://vignette.wikia.nocookie.net/animalcrossing/images/c/cd/NH-Icon-crawfish.png/revision/latest/scale-to-width-down/64?cb=20200401003129|200|||All day|[4, 5, 6, 7, 8, 9]|Northern Hemisphere|Pond|Fish|64.0|Small
Cricket|https://vignette.wikia.nocookie.net/animalcrossing/images/7/7a/NH-Icon-cricket.png/revision/latest/scale-to-width-down/64?cb=20200401005428|130|||5pm - 8am|[3, 4, 5]|Southern Hemisphere|On the ground|Bug|66.0|
Cricket|https://vignette.wikia.nocookie.net/animalcrossing/images/7/7a/NH-Icon-cricket.png/revision/latest/scale-to-width-down/64?cb=20200401005428|130|||5pm - 8am|[9, 10, 11]|Northern Hemisphere|On the ground|Bug|66.0|
Crucian carp|https://vignette.wikia.nocookie.net/animalcrossing/images/0/03/NH-Icon-cruciancarp.png/revision/latest/scale-to-width-down/64?cb=20200401003129|160|||All day|[1, 2, 3, 4, 5, 6, 7, 8, 9, 10, 11, 12]|Southern Hemisphere|River|Fish|68.0|Small
Crucian carp|https://vignette.wikia.nocookie.net/animalcrossing/images/0/03/NH-Icon-cruciancarp.png/revision/latest/scale-to-width-down/64?cb=20200401003129|160|||All day|[2, 3, 4, 5, 6, 7, 8, 9, 10, 11, 12]|Northern Hemisphere|River|Fish|68.0|Small
Cyclommatus stag|https://vignette.wikia.nocookie.net/animalcrossing/images/1/17/NH-Icon-cyclommatusstag.png/revision/latest/scale-to-width-down/64?cb=20200401005428|8,000|||5pm - 8am|[1, 2]|Southern Hemisphere|On palm trees|Bug|70.0|
Cyclommatus stag|https://vignette.wikia.nocookie.net/animalcrossing/images/1/17/NH-Icon-cyclommatusstag.png/revision/latest/scale-to-width-down/64?cb=20200401005428|8,000|||5pm - 8am|[7, 8]|Northern Hemisphere|On palm trees|Bug|70.0|
Dab|https://vignette.wikia.nocookie.net/animalcrossing/images/c/c6/NH-Icon-dab.png/revision/latest/scale-to-width-down/64?cb=20200401003129|300|||All day|[2, 3, 4, 10, 11, 12]|Northern Hemisphere|Sea|Fish|72.0|Medium-small
Dab|https://vignette.wikia.nocookie.net/animalcrossing/images/c/c6/NH-Icon-dab.png/revision/latest/scale-to-width-down/64?cb=20200401003129|300|||All day|[4, 5, 6, 7, 8, 9, 10]|Southern Hemisphere|Sea|Fish|72.0|Medium-small
Dace|https://vignette.wikia.nocookie.net/animalcrossing/images/2/22/NH-Icon-dace.png/revision/latest/scale-to-width-down/64?cb=20200401003129|240|||4pm - 9am|[1, 2, 3, 4, 5, 6, 7, 8, 9, 10, 11, 12]|Southern Hemisphere|River|Fish|74.0|Medium-small
Dace|https://vignette.wikia.nocookie.net/animalcrossing/images/2/22/NH-Icon-dace.png/revision/latest/scale-to-width-down/64?cb=20200401003129|240|||4pm - 9am|[2, 3, 4, 5, 6, 7, 8, 9, 10, 11, 12]|Northern Hemisphere|River|Fish|74.0|Medium-small
Damselfly|https://vignette.wikia.nocookie.net/animalcrossing/images/1/16/NH-Icon-damselfly.png/revision/latest/scale-to-width-down/64?cb=20200401005428|500|||All day|[1, 2, 11, 12]|Northern Hemisphere|Flying|Bug|76.0|
Damselfly|https://vignette.wikia.nocookie.net/animalcrossing/images/1/16/NH-Icon-damselfly.png/revision/latest/scale-to-width-down/64?cb=20200401005428|500|||All day|[5, 6, 7, 8]|Southern Hemisphere|Flying|Bug|76.0|
Darner Dragonfly|https://vignette.wikia.nocookie.net/animalcrossing/images/7/70/NH-Icon-darnerdragonfly.png/revision/latest/scale-to-width-down/64?cb=20200401005428|230|||8am - 5pm|[4]|Northern Hemisphere|Flying|Bug||
Darner dragonfly|https://vignette.wikia.nocookie.net/animalcrossing/images/7/70/NH-Icon-darnerdragonfly.png/revision/latest/scale-to-width-down/64?cb=20200401005428|230|||8am - 5pm|[1, 2, 3, 4, 10, 11, 12]|Southern Hemisphere|Flying|Bug|78.0|
Darner dragonfly|https://vignette.wikia.nocookie.net/animalcrossing/images/7/70/NH-Icon-darnerdragonfly.png/revision/latest/scale-to-width-down/64?cb=20200401005428|230|||8am - 5pm|[5, 6, 7, 8, 9, 10]|Northern Hemisphere|Flying|Bug|78.0|
Diving beetle|https://vignette.wikia.nocookie.net/animalcrossing/images/c/c5/NH-Icon-divingbeetle.png/revision/latest/scale-to-width-down/64?cb=20200401005428|800|||8am - 7pm|[1, 2, 3, 11, 12]|Southern Hemisphere|On fresh water|Bug|80.0|
Diving beetle|https://vignette.wikia.nocookie.net/animalcrossing/images/c/c5/NH-Icon-divingbeetle.png/revision/latest/scale-to-width-down/64?cb=20200401005428|800|||8am - 7pm|[5, 6, 7, 8, 9]|Northern Hemisphere|On fresh water|Bug|80.0|
Dorado|https://vignette.wikia.nocookie.net/animalcrossing/images/d/df/NH-Icon-dorado.png/revision/latest/scale-to-width-down/64?cb=20200401003129|15,000|||4am - 9pm|[1, 2, 3, 12]|Southern Hemisphere|River|Fish|82.0|Large
Dorado|https://vignette.wikia.nocookie.net/animalcrossing/images/d/df/NH-Icon-dorado.png/revision/latest/scale-to-width-down/64?cb=20200401003129|15,000|||4am - 9pm|[6, 7, 8, 9]|Northern Hemisphere|River|Fish|82.0|Large
Drone beetle|https://vignette.wikia.nocookie.net/animalcrossing/images/9/99/NH-Icon-dronebeetle.png/revision/latest/scale-to-width-down/64?cb=20200401005428|200|||All day|[1, 2, 12]|Southern Hemisphere|On trees|Bug|84.0|
Drone beetle|https://vignette.wikia.nocookie.net/animalcrossing/images/9/99/NH-Icon-dronebeetle.png/revision/latest/scale-to-width-down/64?cb=20200401005428|200|||All day|[6, 7, 8]|Northern Hemisphere|On trees|Bug|84.0|
Dung beetle|https://vignette.wikia.nocookie.net/animalcrossing/images/c/c0/NH-Icon-dungbeetle.png/revision/latest/scale-to-width-down/64?cb=20200401005431|3,000|||All day|[1, 2, 12]|Northern Hemisphere|Rolling snowballs along the ground|Bug|86.0|
Dung beetle|https://vignette.wikia.nocookie.net/animalcrossing/images/c/c0/NH-Icon-dungbeetle.png/revision/latest/scale-to-width-down/64?cb=20200401005431|3,000|||All day|[6, 7, 8]|Southern Hemisphere|Rolling snowballs along the ground|Bug|86.0|
Earth-boring dung beetle|https://vignette.wikia.nocookie.net/animalcrossing/images/0/0c/NH-Icon-earthboringdungbeetle.png/revision/latest/scale-to-width-down/64?cb=20200401005428|300|||All day|[1, 2, 3]|Southern Hemisphere|On the ground|Bug|88.0|
Earth-boring dung beetle|https://vignette.wikia.nocookie.net/animalcrossing/images/0/0c/NH-Icon-earthboringdungbeetle.png/revision/latest/scale-to-width-down/64?cb=20200401005428|300|||All day|[7, 8, 9]|Northern Hemisphere|On the ground|Bug|88.0|
Emperor butterfly|https://vignette.wikia.nocookie.net/animalcrossing/images/5/5e/NH-Icon-emperorbutterfly.png/revision/latest/scale-to-width-down/64?cb=20200401005428|4,000|||5pm - 8am|[1, 2, 3, 6, 7, 8, 9, 12]|Northern Hemisphere|Flying|Bug|90.0|
Emperor butterfly|https://vignette.wikia.nocookie.net/animalcrossing/images/5/5e/NH-Icon-emperorbutterfly.png/revision/latest/scale-to-width-down/64?cb=20200401005428|4,000|||5pm - 8am|[1, 2, 3, 6, 7, 8, 9, 12]|Southern Hemisphere|Flying|Bug|90.0|
Evening cicada|https://vignette.wikia.nocookie.net/animalcrossing/images/1/16/NH-Icon-eveningcicada.png/revision/latest/scale-to-width-down/64?cb=20200401005428|550|||4am - 8am & 4pm - 7pm|[1, 2]|Southern Hemisphere|On trees|Bug|92.0|
Evening cicada|https://vignette.wikia.nocookie.net/animalcrossing/images/1/16/NH-Icon-eveningcicada.png/revision/latest/scale-to-width-down/64?cb=20200401005428|550|||4am - 8am & 4pm - 7pm|[7, 8]|Northern Hemisphere|On trees|Bug|92.0|
Firefly|https://vignette.wikia.nocookie.net/animalcrossing/images/a/ae/NH-Icon-firefly.png/revision/latest/scale-to-width-down/64?cb=20200401005428|300|||7pm - 4am|[6]|Northern Hemisphere|Flying|Bug|94.0|
Firefly|https://vignette.wikia.nocookie.net/animalcrossing/images/a/ae/NH-Icon-firefly.png/revision/latest/scale-to-width-down/64?cb=20200401005428|300|||7pm - 4am|[12]|Southern Hemisphere|Flying|Bug|94.0|
Flea|https://vignette.wikia.nocookie.net/animalcrossing/images/9/92/NH-Icon-flea.png/revision/latest/scale-to-width-down/64?cb=20200401005428|70|||All day|[1, 2, 3, 4, 5, 10, 11, 12]|Southern Hemisphere|On villagers|Bug|96.0|
Flea|https://vignette.wikia.nocookie.net/animalcrossing/images/9/92/NH-Icon-flea.png/revision/latest/scale-to-width-down/64?cb=20200401005428|70|||All day|[4, 5, 6, 7, 8, 9, 10, 11]|Northern Hemisphere|On villagers|Bug|96.0|
Fly|https://vignette.wikia.nocookie.net/animalcrossing/images/4/4f/NH-Icon-fly.png/revision/latest/scale-to-width-down/64?cb=20200401005428|60|||All day|[1, 2, 3, 4, 5, 6, 7, 8, 9, 10, 11, 12]|Northern Hemisphere|On trash|Bug|98.0|
Fly|https://vignette.wikia.nocookie.net/animalcrossing/images/4/4f/NH-Icon-fly.png/revision/latest/scale-to-width-down/64?cb=20200401005428|60|||All day|[1, 2, 3, 4, 5, 6, 7, 8, 9, 10, 11, 12]|Southern Hemisphere|On trash|Bug|98.0|
Football fish|https://vignette.wikia.nocookie.net/animalcrossing/images/a/a5/NH-Icon-footballfish.png/revision/latest/scale-to-width-down/64?cb=20200401003129|2,500|||4pm - 9am|[2, 3, 11, 12]|Northern Hemisphere|Sea|Fish|100.0|Medium-large
Football fish|https://vignette.wikia.nocookie.net/animalcrossing/images/a/a5/NH-Icon-footballfish.png/revision/latest/scale-to-width-down/64?cb=20200401003129|2,500|||4pm - 9am|[5, 6, 7, 8, 9]|Southern Hemisphere|Sea|Fish|100.0|Medium-large
Freshwater goby|https://vignette.wikia.nocookie.net/animalcrossing/images/e/ee/NH-Icon-freshwatergoby.png/revision/latest/scale-to-width-down/64?cb=20200401003129|400|||4pm - 9am|[1, 2, 3, 4, 5, 6, 7, 8, 9, 10, 11, 12]|Southern Hemisphere|River|Fish|102.0|Small
Freshwater goby|https://vignette.wikia.nocookie.net/animalcrossing/images/e/ee/NH-Icon-freshwatergoby.png/revision/latest/scale-to-width-down/64?cb=20200401003129|400|||4pm - 9am|[2, 3, 4, 5, 6, 7, 8, 9, 10, 11, 12]|Northern Hemisphere|River|Fish|102.0|Small
Frog|https://vignette.wikia.nocookie.net/animalcrossing/images/6/6b/NH-Icon-frog.png/revision/latest/scale-to-width-down/64?cb=20200401003129|120|||All day|[1, 2, 11, 12]|Southern Hemisphere|Pond|Fish|104.0|Small
Frog|https://vignette.wikia.nocookie.net/animalcrossing/images/6/6b/NH-Icon-frog.png/revision/latest/scale-to-width-down/64?cb=20200401003129|120|||All day|[5, 6, 7, 8]|Northern Hemisphere|Pond|Fish|104.0|Small
Gar|https://vignette.wikia.nocookie.net/animalcrossing/images/9/9f/NH-Icon-gar.png/revision/latest/scale-to-width-down/64?cb=20200401003129|6,000|||4pm - 9am|[1, 2, 3, 12]|Southern Hemisphere|Pond|Fish|106.0|Huge
Gar|https://vignette.wikia.nocookie.net/animalcrossing/images/9/9f/NH-Icon-gar.png/revision/latest/scale-to-width-down/64?cb=20200401003129|6,000|||4pm - 9am|[6, 7, 8, 9]|Northern Hemisphere|Pond|Fish|106.0|Huge
Giant cicada|https://vignette.wikia.nocookie.net/animalcrossing/images/5/58/NH-Icon-giantcicada.png/revision/latest/scale-to-width-down/64?cb=20200401005428|500|||8am - 5pm|[1, 2]|Southern Hemisphere|On trees|Bug|108.0|
Giant cicada|https://vignette.wikia.nocookie.net/animalcrossing/images/5/58/NH-Icon-giantcicada.png/revision/latest/scale-to-width-down/64?cb=20200401005428|500|||8am - 5pm|[7, 8]|Northern Hemisphere|On trees|Bug|108.0|
Giant snakehead|https://vignette.wikia.nocookie.net/animalcrossing/images/0/0c/NH-Icon-giantsnakehead.png/revision/latest/scale-to-width-down/64?cb=20200401003129|5,500|||9am - 4pm|[1, 2, 12]|Southern Hemisphere|Pond|Fish|110.0|Large
Giant snakehead|https://vignette.wikia.nocookie.net/animalcrossing/images/0/0c/NH-Icon-giantsnakehead.png/revision/latest/scale-to-width-down/64?cb=20200401003129|5,500|||9am - 4pm|[6, 7, 8]|Northern Hemisphere|Pond|Fish|110.0|Large
Giant stag|https://vignette.wikia.nocookie.net/animalcrossing/images/2/25/NH-Icon-giantstag.png/revision/latest/scale-to-width-down/64?cb=20200401005428|10,000|||11pm - 8am|[1, 2]|Southern Hemisphere|On trees|Bug|112.0|
Giant stag|https://vignette.wikia.nocookie.net/animalcrossing/images/2/25/NH-Icon-giantstag.png/revision/latest/scale-to-width-down/64?cb=20200401005428|10,000|||11pm - 8am|[7, 8]|Northern Hemisphere|On trees|Bug|112.0|
Giant trevally|https://vignette.wikia.nocookie.net/animalcrossing/images/7/7b/NH-Icon-gianttrevally.png/revision/latest/scale-to-width-down/64?cb=20200401003129|4,500|||All day|[1, 2, 3, 4, 11, 12]|Southern Hemisphere|Pier|Fish|114.0|Large
Giant trevally|https://vignette.wikia.nocookie.net/animalcrossing/images/7/7b/NH-Icon-gianttrevally.png/revision/latest/scale-to-width-down/64?cb=20200401003129|4,500|||All day|[5, 6, 7, 8, 9, 10]|Northern Hemisphere|Pier|Fish|114.0|Large
Giant water bug|https://vignette.wikia.nocookie.net/animalcrossing/images/5/55/NH-Icon-giantwaterbug.png/revision/latest/scale-to-width-down/64?cb=20200401005428|2,000|||7pm - 8am|[1, 2, 3, 10, 11, 12]|Southern Hemisphere|On fresh water|Bug|116.0|
Giant water bug|https://vignette.wikia.nocookie.net/animalcrossing/images/5/55/NH-Icon-giantwaterbug.png/revision/latest/scale-to-width-down/64?cb=20200401005428|2,000|||7pm - 8am|[4, 5, 6, 7, 8, 9]|Northern Hemisphere|On fresh water|Bug|116.0|
Giraffe stag|https://vignette.wikia.nocookie.net/animalcrossing/images/7/7c/NH-Icon-giraffestag.png/revision/latest/scale-to-width-down/64?cb=20200401005428|12,000|||5pm - 8am|[1, 2]|Southern Hemisphere|On palm trees|Bug|118.0|
Giraffe stag|https://vignette.wikia.nocookie.net/animalcrossing/images/7/7c/NH-Icon-giraffestag.png/revision/latest/scale-to-width-down/64?cb=20200401005428|12,000|||5pm - 8am|[7, 8]|Northern Hemisphere|On palm trees|Bug|118.0|
Golden stag|https://vignette.wikia.nocookie.net/animalcrossing/images/8/82/NH-Icon-goldenstag.png/revision/latest/scale-to-width-down/64?cb=20200401005428|12,000|||5pm - 8am|[1, 2]|Southern Hemisphere|On palm trees|Bug|120.0|
Golden stag|https://vignette.wikia.nocookie.net/animalcrossing/images/8/82/NH-Icon-goldenstag.png/revision/latest/scale-to-width-down/64?cb=20200401005428|12,000|||5pm - 8am|[7, 8]|Northern Hemisphere|On palm trees|Bug|120.0|
Golden trout|https://vignette.wikia.nocookie.net/animalcrossing/images/5/5c/NH-Icon-goldentrout.png/revision/latest/scale-to-width-down/64?cb=20200401003129|15,000|||4pm - 9am|[3, 4, 5, 9, 10, 11]|Northern Hemisphere|River (Clifftop)|Fish|122.0|Medium-small
Golden trout|https://vignette.wikia.nocookie.net/animalcrossing/images/5/5c/NH-Icon-goldentrout.png/revision/latest/scale-to-width-down/64?cb=20200401003129|15,000|||4pm - 9am|[3, 4, 5, 9, 10, 11]|Southern Hemisphere|River (Clifftop)|Fish|122.0|Medium-small
Goldfish|https://vignette.wikia.nocookie.net/animalcrossing/images/e/ed/NH-Icon-goldfish.png/revision/latest/scale-to-width-down/64?cb=20200401003129|1,300|||All day|[1, 2, 3, 4, 5, 6, 7, 8, 9, 10, 11, 12]|Southern Hemisphere|Pond|Fish|124.0|Tiny
Goldfish|https://vignette.wikia.nocookie.net/animalcrossing/images/e/ed/NH-Icon-goldfish.png/revision/latest/scale-to-width-down/64?cb=20200401003129|1,300|||All day|[2, 3, 4, 5, 6, 7, 8, 9, 10, 11, 12]|Northern Hemisphere|Pond|Fish|124.0|Tiny
Goliath beetle|https://vignette.wikia.nocookie.net/animalcrossing/images/5/5b/NH-Icon-goliathbeetle.png/revision/latest/scale-to-width-down/64?cb=20200401005428|8,000|||5pm - 8am|[1, 2, 3, 12]|Southern Hemisphere|On palm trees|Bug|126.0|
Goliath beetle|https://vignette.wikia.nocookie.net/animalcrossing/images/5/5b/NH-Icon-goliathbeetle.png/revision/latest/scale-to-width-down/64?cb=20200401005428|8,000|||5pm - 8am|[6, 7, 8, 9]|Northern Hemisphere|On palm trees|Bug|126.0|
Grasshopper|https://vignette.wikia.nocookie.net/animalcrossing/images/5/56/NH-Icon-grasshopper.png/revision/latest/scale-to-width-down/64?cb=20200401005428|160|||8am - 5pm|[1, 2, 3]|Southern Hemisphere|On the ground|Bug|128.0|
Grasshopper|https://vignette.wikia.nocookie.net/animalcrossing/images/5/56/NH-Icon-grasshopper.png/revision/latest/scale-to-width-down/64?cb=20200401005428|160|||8am - 5pm|[7, 8, 9]|Northern Hemisphere|On the ground|Bug|128.0|
Great purple emperor|https://vignette.wikia.nocookie.net/animalcrossing/images/2/27/NH-Icon-greatpurpleemperor.png/revision/latest/scale-to-width-down/64?cb=20200401005428|3,000|||4am - 7pm|[1, 2, 11, 12]|Southern Hemisphere|Flying|Bug|130.0|
Great purple emperor|https://vignette.wikia.nocookie.net/animalcrossing/images/2/27/NH-Icon-greatpurpleemperor.png/revision/latest/scale-to-width-down/64?cb=20200401005428|3,000|||4am - 7pm|[5, 6, 7, 8]|Northern Hemisphere|Flying|Bug|130.0|
Great white shark|https://vignette.wikia.nocookie.net/animalcrossing/images/3/38/NH-Icon-greatwhiteshark.png/revision/latest/scale-to-width-down/64?cb=20200401003129|15,000|||4pm - 9am|[1, 2, 3, 12]|Southern Hemisphere|Sea|Fish|132.0|Huge with fin
Great white shark|https://vignette.wikia.nocookie.net/animalcrossing/images/3/38/NH-Icon-greatwhiteshark.png/revision/latest/scale-to-width-down/64?cb=20200401003129|15,000|||4pm - 9am|[6, 7, 8, 9]|Northern Hemisphere|Sea|Fish|132.0|Huge with fin
Guppy|https://vignette.wikia.nocookie.net/animalcrossing/images/6/63/NH-Icon-guppy.png/revision/latest/scale-to-width-down/64?cb=20200401003129|1,300|||9am - 4pm|[1, 2, 3, 4, 5, 10, 11, 12]|Southern Hemisphere|River|Fish|134.0|Tiny
Guppy|https://vignette.wikia.nocookie.net/animalcrossing/images/6/63/NH-Icon-guppy.png/revision/latest/scale-to-width-down/64?cb=20200401003129|1300|||9am - 4pm|[4, 5, 6, 7, 8, 9, 10, 11]|Northern Hemisphere|River|Fish|134.0|Tiny
Hammerhead shark|https://vignette.wikia.nocookie.net/animalcrossing/images/2/25/NH-Icon-hammerheadshark.png/revision/latest/scale-to-width-down/64?cb=20200401003129|8,000|||4pm - 9am|[1, 2, 3, 12]|Southern Hemisphere|Sea|Fish|136.0|Huge with fin
Hammerhead shark|https://vignette.wikia.nocookie.net/animalcrossing/images/2/25/NH-Icon-hammerheadshark.png/revision/latest/scale-to-width-down/64?cb=20200401003129|8,000|||4pm - 9am|[6, 7, 8, 9]|Northern Hemisphere|Sea|Fish|136.0|Huge with fin
Hermit crab|https://vignette.wikia.nocookie.net/animalcrossing/images/7/7f/NH-Icon-hermitcrab.png/revision/latest/scale-to-width-down/64?cb=20200401005430|1,000|||7pm - 8am|[1, 2, 3, 4, 5, 6, 7, 8, 9, 10, 11, 12]|Northern Hemisphere|Disguised as shells|Bug|138.0|
Hermit crab|https://vignette.wikia.nocookie.net/animalcrossing/images/7/7f/NH-Icon-hermitcrab.png/revision/latest/scale-to-width-down/64?cb=20200401005430|1,000|||7pm - 8am|[1, 2, 3, 4, 5, 6, 7, 8, 9, 10, 11, 12]|Southern Hemisphere|Disguised as shells|Bug|138.0|
Honeybee|https://vignette.wikia.nocookie.net/animalcrossing/images/2/26/NH-Icon-honeybee.png/revision/latest/scale-to-width-down/64?cb=20200401005428|200|||8am - 5pm|[1, 9, 10, 11, 12]|Southern Hemisphere|Flying|Bug|140.0|
Honeybee|https://vignette.wikia.nocookie.net/animalcrossing/images/2/26/NH-Icon-honeybee.png/revision/latest/scale-to-width-down/64?cb=20200401005428|200|||8am - 5pm|[3, 4, 5, 6, 7]|Northern Hemisphere|Flying|Bug|140.0|
Horned atlas|https://vignette.wikia.nocookie.net/animalcrossing/images/1/12/NH-Icon-hornedatlas.png/revision/latest/scale-to-width-down/64?cb=20200401005428|8,000|||5pm - 8am|[1, 2]|Southern Hemisphere|On palm trees|Bug|142.0|
Horned atlas|https://vignette.wikia.nocookie.net/animalcrossing/images/1/12/NH-Icon-hornedatlas.png/revision/latest/scale-to-width-down/64?cb=20200401005428|8,000|||5pm - 8am|[7, 8]|Northern Hemisphere|On palm trees|Bug|142.0|
Horned dynastid|https://vignette.wikia.nocookie.net/animalcrossing/images/e/ef/NH-Icon-horneddynastid.png/revision/latest/scale-to-width-down/64?cb=20200401005428|1,350|||5pm - 8am|[1, 2]|Southern Hemisphere|On palm trees|Bug|144.0|
Horned dynastid|https://vignette.wikia.nocookie.net/animalcrossing/images/e/ef/NH-Icon-horneddynastid.png/revision/latest/scale-to-width-down/64?cb=20200401005428|1,350|||5pm - 8am|[7, 8]|Northern Hemisphere|On trees|Bug|144.0|
Horned elephant|https://vignette.wikia.nocookie.net/animalcrossing/images/4/4f/NH-Icon-hornedelephant.png/revision/latest/scale-to-width-down/64?cb=20200401005429|8,000|||5pm - 8am|[1, 2]|Southern Hemisphere|On palm trees|Bug|146.0|
Horned elephant|https://vignette.wikia.nocookie.net/animalcrossing/images/4/4f/NH-Icon-hornedelephant.png/revision/latest/scale-to-width-down/64?cb=20200401005429|8,000|||5pm - 8am|[7, 8]|Northern Hemisphere|On palm trees|Bug|146.0|
Horned hercules|https://vignette.wikia.nocookie.net/animalcrossing/images/c/c2/NH-Icon-hornedhercules.png/revision/latest/scale-to-width-down/64?cb=20200401005428|12,000|||5pm - 8am|[1, 2]|Southern Hemisphere|On palm trees|Bug|148.0|
Horned hercules|https://vignette.wikia.nocookie.net/animalcrossing/images/c/c2/NH-Icon-hornedhercules.png/revision/latest/scale-to-width-down/64?cb=20200401005428|12,000|||5pm - 8am|[7, 8]|Northern Hemisphere|On palm trees|Bug|148.0|
Horse mackerel|https://vignette.wikia.nocookie.net/animalcrossing/images/d/d5/NH-Icon-horsemackerel.png/revision/latest/scale-to-width-down/64?cb=20200401003129|150|||All day|[1, 2, 3, 4, 5, 6, 7, 8, 9, 10, 11, 12]|Southern Hemisphere|Sea|Fish|150.0|Small
Horse mackerel|https://vignette.wikia.nocookie.net/animalcrossing/images/d/d5/NH-Icon-horsemackerel.png/revision/latest/scale-to-width-down/64?cb=20200401003129|150|||All day|[2, 3, 4, 5, 6, 7, 8, 9, 10, 11, 12]|Northern Hemisphere|Sea|Fish|150.0|Small
Jewel beetle|https://vignette.wikia.nocookie.net/animalcrossing/images/8/82/NH-Icon-jewelbeetle.png/revision/latest/scale-to-width-down/64?cb=20200401005428|2,400|||All day|[1, 2, 10, 11, 12]|Southern Hemisphere|On tree stumps|Bug|152.0|
Jewel beetle|https://vignette.wikia.nocookie.net/animalcrossing/images/8/82/NH-Icon-jewelbeetle.png/revision/latest/scale-to-width-down/64?cb=20200401005428|2,400|||All day|[4, 5, 6, 7, 8]|Northern Hemisphere|On tree stumps|Bug|152.0|
Killifish|https://vignette.wikia.nocookie.net/animalcrossing/images/c/c3/NH-Icon-killifish.png/revision/latest/scale-to-width-down/64?cb=20200401003129|300|||All day|[1, 2, 10, 11, 12]|Southern Hemisphere|Pond|Fish|154.0|Tiny
Killifish|https://vignette.wikia.nocookie.net/animalcrossing/images/c/c3/NH-Icon-killifish.png/revision/latest/scale-to-width-down/64?cb=20200401003129|300|||All day|[4, 5, 6, 7, 8]|Northern Hemisphere|Pond|Fish|154.0|Tiny
King salmon|https://vignette.wikia.nocookie.net/animalcrossing/images/f/fd/NH-Icon-kingsalmon.png/revision/latest/scale-to-width-down/64?cb=20200401003129|1,800|||All day|[3]|Southern Hemisphere|River (Mouth)|Fish|156.0|Huge
King salmon|https://vignette.wikia.nocookie.net/animalcrossing/images/f/fd/NH-Icon-kingsalmon.png/revision/latest/scale-to-width-down/64?cb=20200401003129|1,800|||All day|[9]|Northern Hemisphere|River (Mouth)|Fish|156.0|Huge
Koi|https://vignette.wikia.nocookie.net/animalcrossing/images/7/74/NH-Icon-koi.png/revision/latest/scale-to-width-down/64?cb=20200401003129|4,000|||4pm - 9am|[1, 2, 3, 4, 5, 6, 7, 8, 9, 10, 11, 12]|Southern Hemisphere|Pond|Fish|158.0|Medium-large
Koi|https://vignette.wikia.nocookie.net/animalcrossing/images/7/74/NH-Icon-koi.png/revision/latest/scale-to-width-down/64?cb=20200401003129|4,000|||4pm - 9am|[2, 3, 4, 5, 6, 7, 8, 9, 10, 11, 12]|Northern Hemisphere|Pond|Fish|158.0|Medium-large
Ladybug|https://vignette.wikia.nocookie.net/animalcrossing/images/1/18/NH-Icon-ladybug.png/revision/latest/scale-to-width-down/64?cb=20200401005428|200|||8am - 5pm|[3, 4, 5, 6, 10]|Northern Hemisphere|On flowers|Bug|160.0|
Ladybug|https://vignette.wikia.nocookie.net/animalcrossing/images/1/18/NH-Icon-ladybug.png/revision/latest/scale-to-width-down/64?cb=20200401005428|200|||8am - 5pm|[4, 9, 10, 11, 12]|Southern Hemisphere|On flowers|Bug|160.0|
Loach|https://vignette.wikia.nocookie.net/animalcrossing/images/7/77/NH-Icon-loach.png/revision/latest/scale-to-width-down/64?cb=20200401003129|400|||All day|[3, 4, 5]|Northern Hemisphere|River|Fish|162.0|Small
Loach|https://vignette.wikia.nocookie.net/animalcrossing/images/7/77/NH-Icon-loach.png/revision/latest/scale-to-width-down/64?cb=20200401003129|400|||All day|[9, 10, 11]|Southern Hemisphere|River|Fish|162.0|Small
Long locust|https://vignette.wikia.nocookie.net/animalcrossing/images/e/ef/NH-Icon-longlocust.png/revision/latest/scale-to-width-down/64?cb=20200401005429|200|||8am - 7pm|[1, 2, 3, 4, 5, 10, 11, 12]|Southern Hemisphere|On the ground|Bug|164.0|
Long locust|https://vignette.wikia.nocookie.net/animalcrossing/images/e/ef/NH-Icon-longlocust.png/revision/latest/scale-to-width-down/64?cb=20200401005429|200|||8am - 7pm|[4, 5, 6, 7, 8, 9, 10, 11]|Northern Hemisphere|On the ground|Bug|164.0|
Madagascan sunset moth|https://vignette.wikia.nocookie.net/animalcrossing/images/7/7d/NH-Icon-madagascansunsetmoth.png/revision/latest/scale-to-width-down/64?cb=20200401005429|2,500|||8am - 4pm|[1, 2, 3, 10, 11, 12]|Southern Hemisphere|Flying|Bug|166.0|
Madagascan sunset moth|https://vignette.wikia.nocookie.net/animalcrossing/images/7/7d/NH-Icon-madagascansunsetmoth.png/revision/latest/scale-to-width-down/64?cb=20200401005429|2,500|||8am - 4pm|[4, 5, 6, 7, 8, 9]|Northern Hemisphere|Flying|Bug|166.0|
Mahi-mahi|https://vignette.wikia.nocookie.net/animalcrossing/images/8/82/NH-Icon-mahimahi.png/revision/latest/scale-to-width-down/64?cb=20200401003129|6,000|||All day|[1, 2, 3, 4, 11, 12]|Southern Hemisphere|Pier|Fish|168.0|Large
Mahi-mahi|https://vignette.wikia.nocookie.net/animalcrossing/images/8/82/NH-Icon-mahimahi.png/revision/latest/scale-to-width-down/64?cb=20200401003129|6,000|||All day|[5, 6, 7, 8, 9, 10]|Northern Hemisphere|Pier|Fish|168.0|Large
Man-faced stink bug|https://vignette.wikia.nocookie.net/animalcrossing/images/c/c7/NH-Icon-manfacedstinkbug.png/revision/latest/scale-to-width-down/64?cb=20200401005429|1,000|||7pm - 8am|[1, 2, 3, 4, 9, 10, 11, 12]|Southern Hemisphere|On flowers|Bug|170.0|
Man-faced stink bug|https://vignette.wikia.nocookie.net/animalcrossing/images/c/c7/NH-Icon-manfacedstinkbug.png/revision/latest/scale-to-width-down/64?cb=20200401005429|1,000|||7pm - 8am|[3, 4, 5, 6, 7, 8, 9, 10]|Northern Hemisphere|On flowers|Bug|170.0|
Mantis|https://vignette.wikia.nocookie.net/animalcrossing/images/0/00/NH-Icon-mantis.png/revision/latest/scale-to-width-down/64?cb=20200401005429|430|||8am - 5pm|[1, 2, 3, 4, 5, 9, 10, 11, 12]|Southern Hemisphere|On flowers|Bug|172.0|
Mantis|https://vignette.wikia.nocookie.net/animalcrossing/images/0/00/NH-Icon-mantis.png/revision/latest/scale-to-width-down/64?cb=20200401005429|430|||8am - 5pm|[3, 4, 5, 6, 7, 8, 9, 10, 11]|Northern Hemisphere|On flowers|Bug|172.0|
Migratory locust|https://vignette.wikia.nocookie.net/animalcrossing/images/e/e4/NH-Icon-migratorylocust.png/revision/latest/scale-to-width-down/64?cb=20200401005429|600|||8am - 7pm|[2, 3, 4, 5]|Southern Hemisphere|On the ground|Bug|174.0|
Migratory locust|https://vignette.wikia.nocookie.net/animalcrossing/images/e/e4/NH-Icon-migratorylocust.png/revision/latest/scale-to-width-down/64?cb=20200401005429|600|||8am - 7pm|[8, 9, 10, 11]|Northern Hemisphere|On the ground|Bug|174.0|
Mitten crab|https://vignette.wikia.nocookie.net/animalcrossing/images/e/e3/NH-Icon-mittencrab.png/revision/latest/scale-to-width-down/64?cb=20200401003129|2,000|||4pm - 9am|[3, 4, 5]|Southern Hemisphere|River|Fish|176.0|Small
Mitten crab|https://vignette.wikia.nocookie.net/animalcrossing/images/e/e3/NH-Icon-mittencrab.png/revision/latest/scale-to-width-down/64?cb=20200401003129|2,000|||4pm - 9am|[9, 10, 11]|Northern Hemisphere|River|Fish|176.0|Small
Miyama stag|https://vignette.wikia.nocookie.net/animalcrossing/images/1/1b/NH-Icon-miyamastag.png/revision/latest/scale-to-width-down/64?cb=20200401005429|1,000|||All day|[1, 2]|Southern Hemisphere|On trees|Bug|178.0|
Miyama stag|https://vignette.wikia.nocookie.net/animalcrossing/images/1/1b/NH-Icon-miyamastag.png/revision/latest/scale-to-width-down/64?cb=20200401005429|1,000|||All day|[7, 8]|Northern Hemisphere|On trees|Bug|178.0|
Mole cricket|https://vignette.wikia.nocookie.net/animalcrossing/images/0/00/NH-Icon-molecricket.png/revision/latest/scale-to-width-down/64?cb=20200401005429|500|||All day|[1, 2, 3, 4, 5, 11, 12]|Northern Hemisphere|Underground|Bug|180.0|
Mole cricket|https://vignette.wikia.nocookie.net/animalcrossing/images/0/00/NH-Icon-molecricket.png/revision/latest/scale-to-width-down/64?cb=20200401005429|500|||All day|[5, 6, 7, 8, 9, 10, 11]|Southern Hemisphere|Underground|Bug|180.0|
Monarch butterfly|https://vignette.wikia.nocookie.net/animalcrossing/images/9/99/NH-Icon-monarchbutterfly.png/revision/latest/scale-to-width-down/64?cb=20200401005429|140|||4am - 5pm|[3, 4, 5]|Southern Hemisphere|Flying|Bug|182.0|
Monarch butterfly|https://vignette.wikia.nocookie.net/animalcrossing/images/9/99/NH-Icon-monarchbutterfly.png/revision/latest/scale-to-width-down/64?cb=20200401005429|140|||4am - 5pm|[9, 10, 11]|Northern Hemisphere|Flying|Bug|182.0|
Moray eel|https://vignette.wikia.nocookie.net/animalcrossing/images/e/e5/NH-Icon-morayeel.png/revision/latest/scale-to-width-down/64?cb=20200401003130|2,000|||All day|[2, 3, 4]|Southern Hemisphere|Sea|Fish|184.0|Thin
Moray eel|https://vignette.wikia.nocookie.net/animalcrossing/images/e/e5/NH-Icon-morayeel.png/revision/latest/scale-to-width-down/64?cb=20200401003130|2,000|||All day|[8, 9, 10]|Northern Hemisphere|Sea|Fish|184.0|Thin
Mosquito|https://vignette.wikia.nocookie.net/animalcrossing/images/c/c0/NH-Icon-mosquito.png/revision/latest/scale-to-width-down/64?cb=20200401005429|130|||5pm - 4am|[1, 2, 3, 12]|Southern Hemisphere|Flying|Bug|186.0|
Mosquito|https://vignette.wikia.nocookie.net/animalcrossing/images/c/c0/NH-Icon-mosquito.png/revision/latest/scale-to-width-down/64?cb=20200401005429|130|||5pm - 4am|[6, 7, 8, 9]|Northern Hemisphere|Flying|Bug|186.0|
Moth|https://vignette.wikia.nocookie.net/animalcrossing/images/1/12/NH-Icon-moth.png/revision/latest/scale-to-width-down/64?cb=20200401005428|130|||7pm - 4am|[1, 2, 3, 4, 5, 6, 7, 8, 9, 10, 11, 12]|Northern Hemisphere|Flying near light sources|Bug|188.0|
Moth|https://vignette.wikia.nocookie.net/animalcrossing/images/1/12/NH-Icon-moth.png/revision/latest/scale-to-width-down/64?cb=20200401005428|130|||7pm - 4am|[1, 2, 3, 4, 5, 6, 7, 8, 9, 10, 11, 12]|Southern Hemisphere|Flying near light sources|Bug|188.0|
Napoleonfish|https://vignette.wikia.nocookie.net/animalcrossing/images/6/6f/NH-Icon-napoleonfish.png/revision/latest/scale-to-width-down/64?cb=20200401003129|10,000|||4am - 9pm|[1, 2]|Southern Hemisphere|Sea|Fish|190.0|Huge
Napoleonfish|https://vignette.wikia.nocookie.net/animalcrossing/images/6/6f/NH-Icon-napoleonfish.png/revision/latest/scale-to-width-down/64?cb=20200401003129|10,000|||4am - 9pm|[7, 8]|Northern Hemisphere|Sea|Fish|190.0|Huge
Neon tetra|https://vignette.wikia.nocookie.net/animalcrossing/images/d/da/NH-Icon-neontetra.png/revision/latest/scale-to-width-down/64?cb=20200401003129|500|||9am - 4pm|[1, 2, 3, 4, 5, 10, 11, 12]|Southern Hemisphere|River|Fish|192.0|Tiny
Neon tetra|https://vignette.wikia.nocookie.net/animalcrossing/images/d/da/NH-Icon-neontetra.png/revision/latest/scale-to-width-down/64?cb=20200401003129|500|||9am - 4pm|[4, 5, 6, 7, 8, 9, 10, 11]|Northern Hemisphere|River|Fish|192.0|Tiny
Nibble fish|https://vignette.wikia.nocookie.net/animalcrossing/images/8/89/NH-Icon-nibblefish.png/revision/latest/scale-to-width-down/64?cb=20200401003129|1,500|||9am - 4pm|[1, 2, 3, 11, 12]|Southern Hemisphere|River|Fish|194.0|Tiny
Nibble fish|https://vignette.wikia.nocookie.net/animalcrossing/images/8/89/NH-Icon-nibblefish.png/revision/latest/scale-to-width-down/64?cb=20200401003129|1,500|||9am - 4pm|[5, 6, 7, 8, 9]|Northern Hemisphere|River|Fish|194.0|Tiny
Oarfish|https://vignette.wikia.nocookie.net/animalcrossing/images/3/33/NH-Icon-oarfish.png/revision/latest/scale-to-width-down/64?cb=20200401003129|9,000|||All day|[2, 3, 4, 5, 12]|Northern Hemisphere|Sea|Fish|196.0|Huge
Oarfish|https://vignette.wikia.nocookie.net/animalcrossing/images/3/33/NH-Icon-oarfish.png/revision/latest/scale-to-width-down/64?cb=20200401003129|9,000|||All day|[6, 7, 8, 9, 10, 11]|Southern Hemisphere|Sea|Fish|196.0|Huge
Ocean sunfish|https://vignette.wikia.nocookie.net/animalcrossing/images/5/52/NH-Icon-oceansunfish.png/revision/latest/scale-to-width-down/64?cb=20200401003129|4,000|||4am - 9pm|[1, 2, 3]|Southern Hemisphere|Sea|Fish|198.0|Huge with fin
Ocean sunfish|https://vignette.wikia.nocookie.net/animalcrossing/images/5/52/NH-Icon-oceansunfish.png/revision/latest/scale-to-width-down/64?cb=20200401003129|4,000|||4am - 9pm|[7, 8, 9]|Northern Hemisphere|Sea|Fish|198.0|Huge with fin
Olive flounder|https://vignette.wikia.nocookie.net/animalcrossing/images/9/9e/NH-Icon-oliveflounder.png/revision/latest/scale-to-width-down/64?cb=20200401003129|800|||All day|[1, 2, 3, 4, 5, 6, 7, 8, 9, 10, 11, 12]|Southern Hemisphere|Sea|Fish|200.0|Large
Olive flounder|https://vignette.wikia.nocookie.net/animalcrossing/images/9/9e/NH-Icon-oliveflounder.png/revision/latest/scale-to-width-down/64?cb=20200401003129|800|||All day|[2, 3, 4, 5, 6, 7, 8, 9, 10, 11, 12]|Northern Hemisphere|Sea|Fish|200.0|Large
Orchid mantis|https://vignette.wikia.nocookie.net/animalcrossing/images/9/9e/NH-Icon-orchidmantis.png/revision/latest/scale-to-width-down/64?cb=20200401005428|2,400|||8am - 5pm|[1, 2, 3, 4, 5, 9, 10, 11, 12]|Southern Hemisphere|On white flowers|Bug|202.0|
Orchid mantis|https://vignette.wikia.nocookie.net/animalcrossing/images/9/9e/NH-Icon-orchidmantis.png/revision/latest/scale-to-width-down/64?cb=20200401005428|2,400|||8am - 5pm|[3, 4, 5, 6, 7, 8, 9, 10, 11]|Northern Hemisphere|On white flowers|Bug|202.0|
Pale chub|https://vignette.wikia.nocookie.net/animalcrossing/images/2/2c/NH-Icon-palechub.png/revision/latest/scale-to-width-down/64?cb=20200401003129|200|||9am - 4pm|[1, 2, 3, 4, 5, 6, 7, 8, 9, 10, 11, 12]|Southern Hemisphere|River|Fish|204.0|Tiny
Pale chub|https://vignette.wikia.nocookie.net/animalcrossing/images/2/2c/NH-Icon-palechub.png/revision/latest/scale-to-width-down/64?cb=20200401003129|200|||9am - 4pm|[2, 3, 4, 5, 6, 7, 8, 9, 10, 11, 12]|Northern Hemisphere|River|Fish|204.0|Tiny
Paper kite butterfly|https://vignette.wikia.nocookie.net/animalcrossing/images/d/dd/NH-Icon-paperkitebutterfly.png/revision/latest/scale-to-width-down/64?cb=20200401005429|1,000|||8am - 7pm|[1, 2, 3, 4, 5, 6, 7, 8, 9, 10, 11, 12]|Northern Hemisphere|Flying|Bug|206.0|
Paper kite butterfly|https://vignette.wikia.nocookie.net/animalcrossing/images/d/dd/NH-Icon-paperkitebutterfly.png/revision/latest/scale-to-width-down/64?cb=20200401005429|1,000|||8am - 7pm|[1, 2, 3, 4, 5, 6, 7, 8, 9, 10, 11, 12]|Southern Hemisphere|Flying|Bug|206.0|
Peacock butterfly|https://vignette.wikia.nocookie.net/animalcrossing/images/8/8f/NH-Icon-peacockbutterfly.png/revision/latest/scale-to-width-down/64?cb=20200401005429|2,500|||4am - 7pm|[3, 4, 5, 6]|Northern Hemisphere|Flying by hybrid flowers|Bug|208.0|
Peacock butterfly|https://vignette.wikia.nocookie.net/animalcrossing/images/8/8f/NH-Icon-peacockbutterfly.png/revision/latest/scale-to-width-down/64?cb=20200401005429|2,500|||4am - 7pm|[9, 10, 11, 12]|Southern Hemisphere|Flying by hybrid flowers|Bug|208.0|
Pike|https://vignette.wikia.nocookie.net/animalcrossing/images/d/dc/NH-Icon-pike.png/revision/latest/scale-to-width-down/64?cb=20200401003130|1,800|||All day|[3, 4, 5, 6]|Southern Hemisphere|River|Fish|210.0|Large
Pike|https://vignette.wikia.nocookie.net/animalcrossing/images/d/dc/NH-Icon-pike.png/revision/latest/scale-to-width-down/64?cb=20200401003130|1,800|||All day|[9, 10, 11, 12]|Northern Hemisphere|River|Fish|210.0|Large
Pill bug|https://vignette.wikia.nocookie.net/animalcrossing/images/c/c5/NH-Icon-pillbug.png/revision/latest/scale-to-width-down/64?cb=20200401005428|250|||11pm - 4pm|[1, 2, 3, 4, 5, 6, 9, 10, 11, 12]|Northern Hemisphere|Hitting rocks|Bug|212.0|
Pill bug|https://vignette.wikia.nocookie.net/animalcrossing/images/c/c5/NH-Icon-pillbug.png/revision/latest/scale-to-width-down/64?cb=20200401005428|250|||11pm - 4pm|[3, 4, 5, 6, 7, 8, 9, 10, 11, 12]|Southern Hemisphere|Hitting rocks|Bug|212.0|
Piranha|https://vignette.wikia.nocookie.net/animalcrossing/images/b/b9/NH-Icon-piranha.png/revision/latest/scale-to-width-down/64?cb=20200401003130|2,500|||9am - 4pm & 9pm - 4am|[1, 2, 3, 12]|Southern Hemisphere|River|Fish|214.0|Small
Piranha|https://vignette.wikia.nocookie.net/animalcrossing/images/b/b9/NH-Icon-piranha.png/revision/latest/scale-to-width-down/64?cb=20200401003130|2,500|||9am - 4pm & 9pm - 4am|[6, 7, 8, 9]|Northern Hemisphere|River|Fish|214.0|Small
Pond smelt|https://vignette.wikia.nocookie.net/animalcrossing/images/4/41/NH-Icon-pondsmelt.png/revision/latest/scale-to-width-down/64?cb=20200401003130|500|||All day|[2, 12]|Northern Hemisphere|River|Fish|216.0|Small
Pond smelt|https://vignette.wikia.nocookie.net/animalcrossing/images/4/41/NH-Icon-pondsmelt.png/revision/latest/scale-to-width-down/64?cb=20200401003130|500|||All day|[6, 7, 8]|Southern Hemisphere|River|Fish|216.0|Small
Pondskater|https://vignette.wikia.nocookie.net/animalcrossing/images/f/f4/NH-Icon-pondskater.png/revision/latest/scale-to-width-down/64?cb=20200401005429|130|||8am - 7pm|[1, 2, 3, 11, 12]|Southern Hemisphere|On fresh water|Bug|218.0|
Pondskater|https://vignette.wikia.nocookie.net/animalcrossing/images/f/f4/NH-Icon-pondskater.png/revision/latest/scale-to-width-down/64?cb=20200401005429|130|||8am - 7pm|[5, 6, 7, 8, 9]|Northern Hemisphere|On fresh water|Bug|218.0|
Pop-eyed goldfish|https://vignette.wikia.nocookie.net/animalcrossing/images/c/c9/NH-Icon-popeyedgoldfish.png/revision/latest/scale-to-width-down/64?cb=20200401003129|1,300|||9am - 4pm|[1, 2, 3, 4, 5, 6, 7, 8, 9, 10, 11, 12]|Southern Hemisphere|Pond|Fish|220.0|Tiny
Pop-eyed goldfish|https://vignette.wikia.nocookie.net/animalcrossing/images/c/c9/NH-Icon-popeyedgoldfish.png/revision/latest/scale-to-width-down/64?cb=20200401003129|1,300|||9am - 4pm|[2, 3, 4, 5, 6, 7, 8, 9, 10, 11, 12]|Northern Hemisphere|Pond|Fish|220.0|Tiny
Puffer fish|https://vignette.wikia.nocookie.net/animalcrossing/images/1/1f/NH-Icon-pufferfish.png/revision/latest/scale-to-width-down/64?cb=20200401003130|250|||All day|[1, 2, 3]|Southern Hemisphere|Sea|Fish|222.0|Medium-small
Puffer fish|https://vignette.wikia.nocookie.net/animalcrossing/images/1/1f/NH-Icon-pufferfish.png/revision/latest/scale-to-width-down/64?cb=20200401003130|250|||All day|[7, 8, 9]|Northern Hemisphere|Sea|Fish|222.0|Medium-small
Queen Alexandra's birdwing|https://vignette.wikia.nocookie.net/animalcrossing/images/b/b8/NH-Icon-queenalexandrasbirdwing.png/revision/latest/scale-to-width-down/64?cb=20200401005429|4,000|||8am - 4pm|[1, 2, 3, 11, 12]|Southern Hemisphere|Flying|Bug|224.0|
Queen Alexandra's birdwing|https://vignette.wikia.nocookie.net/animalcrossing/images/b/b8/NH-Icon-queenalexandrasbirdwing.png/revision/latest/scale-to-width-down/64?cb=20200401005429|4,000|||8am - 4pm|[5, 6, 7, 8, 9]|Northern Hemisphere|Flying|Bug|224.0|
Rainbow stag|https://vignette.wikia.nocookie.net/animalcrossing/images/1/1c/NH-Icon-rainbowstag.png/revision/latest/scale-to-width-down/64?cb=20200401005429|6,000|||7pm - 8am|[1, 2, 3, 12]|Southern Hemisphere|On trees|Bug|226.0|
Rainbow stag|https://vignette.wikia.nocookie.net/animalcrossing/images/1/1c/NH-Icon-rainbowstag.png/revision/latest/scale-to-width-down/64?cb=20200401005429|6,000|||7pm - 8am|[6, 7, 8, 9]|Northern Hemisphere|On trees|Bug|226.0|
Rainbowfish|https://vignette.wikia.nocookie.net/animalcrossing/images/6/68/NH-Icon-rainbowfish.png/revision/latest/scale-to-width-down/64?cb=20200401003129|800|||9am - 4pm|[1, 2, 3, 4, 11, 12]|Southern Hemisphere|River|Fish|228.0|Tiny
Rainbowfish|https://vignette.wikia.nocookie.net/animalcrossing/images/6/68/NH-Icon-rainbowfish.png/revision/latest/scale-to-width-down/64?cb=20200401003129|800|||9am - 4pm|[5, 6, 7, 8, 9, 10]|Northern Hemisphere|River|Fish|228.0|Tiny
Rajah Brooke's birdwing|https://vignette.wikia.nocookie.net/animalcrossing/images/e/e2/NH-Icon-rajahbrookesbirdwing.png/revision/latest/scale-to-width-down/64?cb=20200401005428|2,500|||8am - 5pm|[1, 2, 4, 5, 6, 7, 8, 9, 12]|Northern Hemisphere|Flying|Bug|230.0|
Rajah Brooke's birdwing|https://vignette.wikia.nocookie.net/animalcrossing/images/e/e2/NH-Icon-rajahbrookesbirdwing.png/revision/latest/scale-to-width-down/64?cb=20200401005428|2,500|||8am - 5pm|[1, 2, 3, 6, 7, 8, 10, 11, 12]|Southern Hemisphere|Flying|Bug|230.0|
Ranchu goldfish|https://vignette.wikia.nocookie.net/animalcrossing/images/f/f9/NH-Icon-ranchugoldfish.png/revision/latest/scale-to-width-down/64?cb=20200401003129|4,500|||9am - 4pm|[1, 2, 3, 4, 5, 6, 7, 8, 9, 10, 11, 12]|Southern Hemisphere|Pond|Fish|232.0|Small
Ranchu goldfish|https://vignette.wikia.nocookie.net/animalcrossing/images/f/f9/NH-Icon-ranchugoldfish.png/revision/latest/scale-to-width-down/64?cb=20200401003129|4,500|||9am - 4pm|[2, 3, 4, 5, 6, 7, 8, 9, 10, 11, 12]|Northern Hemisphere|Pond|Fish|232.0|Small
Ray|https://vignette.wikia.nocookie.net/animalcrossing/images/d/db/NH-Icon-ray.png/revision/latest/scale-to-width-down/64?cb=20200401003129|3,000|||4am - 9pm|[2, 3, 4, 5]|Southern Hemisphere|Sea|Fish|234.0|Large
Ray|https://vignette.wikia.nocookie.net/animalcrossing/images/d/db/NH-Icon-ray.png/revision/latest/scale-to-width-down/64?cb=20200401003129|3,000|||4am - 9pm|[8, 9, 10, 11]|Northern Hemisphere|Sea|Fish|234.0|Large
Red dragonfly|https://vignette.wikia.nocookie.net/animalcrossing/images/e/eb/NH-Icon-reddragonfly.png/revision/latest/scale-to-width-down/64?cb=20200401005428|180|||8am - 7pm|[3, 4]|Southern Hemisphere|Flying|Bug|236.0|
Red dragonfly|https://vignette.wikia.nocookie.net/animalcrossing/images/e/eb/NH-Icon-reddragonfly.png/revision/latest/scale-to-width-down/64?cb=20200401005428|180|||8am - 7pm|[9, 10]|Northern Hemisphere|Flying|Bug|236.0|
Red snapper|https://vignette.wikia.nocookie.net/animalcrossing/images/d/dd/NH-Icon-redsnapper.png/revision/latest/scale-to-width-down/64?cb=20200401003130|3,000|||All day|[1, 2, 3, 4, 5, 6, 7, 8, 9, 10, 11, 12]|Southern Hemisphere|Sea|Fish|238.0|Medium-large
Red snapper|https://vignette.wikia.nocookie.net/animalcrossing/images/d/dd/NH-Icon-redsnapper.png/revision/latest/scale-to-width-down/64?cb=20200401003130|3,000|||All day|[2, 3, 4, 5, 6, 7, 8, 9, 10, 11, 12]|Northern Hemisphere|Sea|Fish|238.0|Medium-large
Ribbon eel|https://vignette.wikia.nocookie.net/animalcrossing/images/a/ac/NH-Icon-ribboneel.png/revision/latest/scale-to-width-down/64?cb=20200401003129|600|||All day|[1, 2, 3, 4, 12]|Southern Hemisphere|Sea|Fish|240.0|Thin
Ribbon eel|https://vignette.wikia.nocookie.net/animalcrossing/images/a/ac/NH-Icon-ribboneel.png/revision/latest/scale-to-width-down/64?cb=20200401003129|600|||All day|[6, 7, 8, 9, 10]|Northern Hemisphere|Sea|Fish|240.0|Thin
Rice grasshopper|https://vignette.wikia.nocookie.net/animalcrossing/images/d/d3/NH-Icon-ricegrasshopper.png/revision/latest/scale-to-width-down/64?cb=20200401005428|160|||8am - 7pm|[2, 3, 4, 5]|Southern Hemisphere|On the ground|Bug|242.0|
Rice grasshopper|https://vignette.wikia.nocookie.net/animalcrossing/images/d/d3/NH-Icon-ricegrasshopper.png/revision/latest/scale-to-width-down/64?cb=20200401005428|160|||8am - 7pm|[8, 9, 10, 11]|Northern Hemisphere|On the ground|Bug|242.0|
Robust cicada|https://vignette.wikia.nocookie.net/animalcrossing/images/2/2f/NH-Icon-robustcicada.png/revision/latest/scale-to-width-down/64?cb=20200401005429|300|||8am - 5pm|[1, 2]|Southern Hemisphere|On trees|Bug|244.0|
Robust cicada|https://vignette.wikia.nocookie.net/animalcrossing/images/2/2f/NH-Icon-robustcicada.png/revision/latest/scale-to-width-down/64?cb=20200401005429|300|||8am - 5pm|[7, 8]|Northern Hemisphere|On trees|Bug|244.0|
Rosalia batesi beetle|https://vignette.wikia.nocookie.net/animalcrossing/images/e/e0/NH-Icon-rosaliabatesibeetle.png/revision/latest/scale-to-width-down/64?cb=20200401005429|3,000|||All day|[1, 2, 3, 11, 12]|Southern Hemisphere|On tree stumps|Bug|246.0|
Rosalia batesi beetle|https://vignette.wikia.nocookie.net/animalcrossing/images/e/e0/NH-Icon-rosaliabatesibeetle.png/revision/latest/scale-to-width-down/64?cb=20200401005429|3,000|||All day|[5, 6, 7, 8, 9]|Northern Hemisphere|On tree stumps|Bug|246.0|
Saddled bichir|https://vignette.wikia.nocookie.net/animalcrossing/images/a/a0/NH-Icon-saddledbichir.png/revision/latest/scale-to-width-down/64?cb=20200401003130|4,000|||9pm - 4am|[1, 2, 3, 12]|Southern Hemisphere|River|Fish|248.0|Medium-large
Saddled bichir|https://vignette.wikia.nocookie.net/animalcrossing/images/a/a0/NH-Icon-saddledbichir.png/revision/latest/scale-to-width-down/64?cb=20200401003130|4,000|||9pm - 4am|[6, 7, 8, 9]|Northern Hemisphere|River|Fish|248.0|Medium-large
Salmon|https://vignette.wikia.nocookie.net/animalcrossing/images/f/fb/NH-Icon-salmon.png/revision/latest/scale-to-width-down/64?cb=20200401003129|700|||All day|[3]|Southern Hemisphere|River (Mouth)|Fish|250.0|Medium-large
Salmon|https://vignette.wikia.nocookie.net/animalcrossing/images/f/fb/NH-Icon-salmon.png/revision/latest/scale-to-width-down/64?cb=20200401003129|700|||All day|[9]|Northern Hemisphere|River (Mouth)|Fish|250.0|Medium-large
Saw shark|https://vignette.wikia.nocookie.net/animalcrossing/images/7/73/NH-Icon-sawshark.png/revision/latest/scale-to-width-down/64?cb=20200401003129|12,000|||4pm - 9am|[1, 2, 3, 12]|Southern Hemisphere|Sea|Fish|252.0|Huge with fin
Saw shark|https://vignette.wikia.nocookie.net/animalcrossing/images/7/73/NH-Icon-sawshark.png/revision/latest/scale-to-width-down/64?cb=20200401003129|12,000|||4pm - 9am|[6, 7, 8, 9]|Northern Hemisphere|Sea|Fish|252.0|Huge with fin
Saw stag|https://vignette.wikia.nocookie.net/animalcrossing/images/4/48/NH-Icon-sawstag.png/revision/latest/scale-to-width-down/64?cb=20200401005429|2,000|||All day|[1, 2]|Southern Hemisphere|On trees|Bug|254.0|
Saw stag|https://vignette.wikia.nocookie.net/animalcrossing/images/4/48/NH-Icon-sawstag.png/revision/latest/scale-to-width-down/64?cb=20200401005429|2,000|||All day|[7, 8]|Northern Hemisphere|On trees|Bug|254.0|
Scarab beetle|https://vignette.wikia.nocookie.net/animalcrossing/images/4/4c/NH-Icon-scarabbeetle.png/revision/latest/scale-to-width-down/64?cb=20200401005429|10,000|||11pm - 8am|[1, 2]|Southern Hemisphere|On trees|Bug|256.0|
Scarab beetle|https://vignette.wikia.nocookie.net/animalcrossing/images/4/4c/NH-Icon-scarabbeetle.png/revision/latest/scale-to-width-down/64?cb=20200401005429|10,000|||11pm - 8am|[7, 8]|Northern Hemisphere|On trees|Bug|256.0|
Scorpion|https://vignette.wikia.nocookie.net/animalcrossing/images/3/34/NH-Icon-scorpion.png/revision/latest/scale-to-width-down/64?cb=20200401005429|8,000|||7pm - 4am|[1, 2, 3, 4, 11, 12]|Southern Hemisphere|On the ground|Bug|258.0|
Scorpion|https://vignette.wikia.nocookie.net/animalcrossing/images/3/34/NH-Icon-scorpion.png/revision/latest/scale-to-width-down/64?cb=20200401005429|8,000|||7pm - 4am|[5, 6, 7, 8, 9, 10]|Northern Hemisphere|On the ground|Bug|258.0|
Sea bass|https://vignette.wikia.nocookie.net/animalcrossing/images/2/22/NH-Icon-seabass.png/revision/latest/scale-to-width-down/64?cb=20200401003130|400|||All day|[1, 2, 3, 4, 5, 6, 7, 8, 9, 10, 11, 12]|Southern Hemisphere|Sea|Fish|260.0|Large
Sea bass|https://vignette.wikia.nocookie.net/animalcrossing/images/2/22/NH-Icon-seabass.png/revision/latest/scale-to-width-down/64?cb=20200401003130|400|||All day|[2, 3, 4, 5, 6, 7, 8, 9, 10, 11, 12]|Northern Hemisphere|Sea|Fish|260.0|Large
Sea butterfly|https://vignette.wikia.nocookie.net/animalcrossing/images/8/8f/NH-Icon-seabutterfly.png/revision/latest/scale-to-width-down/64?cb=20200401003129|1,000|||All day|[2, 3, 12]|Northern Hemisphere|Sea|Fish|262.0|Tiny
Sea butterfly|https://vignette.wikia.nocookie.net/animalcrossing/images/8/8f/NH-Icon-seabutterfly.png/revision/latest/scale-to-width-down/64?cb=20200401003129|1,000|||All day|[6, 7, 8, 9]|Southern Hemisphere|Sea|Fish|262.0|Tiny
Sea horse|https://vignette.wikia.nocookie.net/animalcrossing/images/5/55/NH-Icon-seahorse.png/revision/latest/scale-to-width-down/64?cb=20200401003129|1,100|||All day|[1, 2, 3, 4, 5, 10, 11, 12]|Southern Hemisphere|Sea|Fish|264.0|Tiny
Sea horse|https://vignette.wikia.nocookie.net/animalcrossing/images/5/55/NH-Icon-seahorse.png/revision/latest/scale-to-width-down/64?cb=20200401003129|1100|||All day|[4, 5, 6, 7, 8, 9, 10, 11]|Northern Hemisphere|Sea|Fish|264.0|Tiny
Snail|https://vignette.wikia.nocookie.net/animalcrossing/images/b/b1/NH-Icon-snail.png/revision/latest/scale-to-width-down/64?cb=20200401005429|250|||All day|[1, 2, 3, 4, 5, 6, 7, 8, 9, 10, 11, 12]|Northern Hemisphere|On rocks and bushes during rain|Bug|266.0|
Snail|https://vignette.wikia.nocookie.net/animalcrossing/images/b/b1/NH-Icon-snail.png/revision/latest/scale-to-width-down/64?cb=20200401005429|250|||All day|[1, 2, 3, 4, 5, 6, 7, 8, 9, 10, 11, 12]|Southern Hemisphere|On rocks and bushes during rain|Bug|266.0|
Snapping Turtle|https://vignette.wikia.nocookie.net/animalcrossing/images/2/24/NH-Icon-snappingturtle.png/revision/latest/scale-to-width-down/64?cb=20200401003129|5,000|||9pm - 4am|[1, 2, 3, 4, 10, 11, 12]|Southern Hemisphere|River|Fish|268.0|Large
Snapping Turtle|https://vignette.wikia.nocookie.net/animalcrossing/images/2/24/NH-Icon-snappingturtle.png/revision/latest/scale-to-width-down/64?cb=20200401003129|5000|||9pm - 4am|[4, 5, 6, 7, 8, 9, 10]|Northern Hemisphere|River|Fish|268.0|Large
Soft-shelled turtle|https://vignette.wikia.nocookie.net/animalcrossing/images/c/c3/NH-Icon-softshelledturtle.png/revision/latest/scale-to-width-down/64?cb=20200401003129|3,750|||4pm - 9am|[2, 3]|Southern Hemisphere|River|Fish|270.0|Medium-large
Soft-shelled turtle|https://vignette.wikia.nocookie.net/animalcrossing/images/c/c3/NH-Icon-softshelledturtle.png/revision/latest/scale-to-width-down/64?cb=20200401003129|3,750|||4pm - 9am|[8, 9]|Northern Hemisphere|River|Fish|270.0|Medium-large
Spider|https://vignette.wikia.nocookie.net/animalcrossing/images/2/26/NH-Icon-spider.png/revision/latest/scale-to-width-down/64?cb=20200401005429|480|||7pm - 8am|[1, 2, 3, 4, 5, 6, 7, 8, 9, 10, 11, 12]|Northern Hemisphere|Shaking trees|Bug|272.0|
Spider|https://vignette.wikia.nocookie.net/animalcrossing/images/2/26/NH-Icon-spider.png/revision/latest/scale-to-width-down/64?cb=20200401005429|480|||7pm - 8am|[1, 2, 3, 4, 5, 6, 7, 8, 9, 10, 11, 12]|Southern Hemisphere|Shaking trees|Bug|272.0|
Squid|https://vignette.wikia.nocookie.net/animalcrossing/images/3/3b/NH-Icon-squid.png/revision/latest/scale-to-width-down/64?cb=20200401003130|500|||All day|[1, 2, 6, 7, 8, 9, 10, 11, 12]|Southern Hemisphere|Sea|Fish|274.0|Medium-small
Squid|https://vignette.wikia.nocookie.net/animalcrossing/images/3/3b/NH-Icon-squid.png/revision/latest/scale-to-width-down/64?cb=20200401003130|500|||All day|[2, 3, 4, 5, 6, 7, 8, 12]|Northern Hemisphere|Sea|Fish|274.0|Medium-small
Stinkbug|https://vignette.wikia.nocookie.net/animalcrossing/images/8/80/NH-Icon-stinkbug.png/revision/latest/scale-to-width-down/64?cb=20200401005429|120|||All day|[1, 2, 3, 4, 9, 10, 11, 12]|Southern Hemisphere|On flowers|Bug|276.0|
Stinkbug|https://vignette.wikia.nocookie.net/animalcrossing/images/8/80/NH-Icon-stinkbug.png/revision/latest/scale-to-width-down/64?cb=20200401005429|120|||All day|[3, 4, 5, 6, 7, 8, 9, 10]|Northern Hemisphere|On flowers|Bug|276.0|
Stringfish|https://vignette.wikia.nocookie.net/animalcrossing/images/7/7b/NH-Icon-stringfish.png/revision/latest/scale-to-width-down/64?cb=20200401003129|15,000|||4pm - 9am|[2, 3, 12]|Northern Hemisphere|River (Clifftop)|Fish|278.0|Large
Stringfish|https://vignette.wikia.nocookie.net/animalcrossing/images/7/7b/NH-Icon-stringfish.png/revision/latest/scale-to-width-down/64?cb=20200401003129|15,000|||4pm - 9am|[6, 7, 8, 9]|Southern Hemisphere|River (Clifftop)|Fish|278.0|Large
Sturgeon|https://vignette.wikia.nocookie.net/animalcrossing/images/9/98/NH-Icon-sturgeon.png/revision/latest/scale-to-width-down/64?cb=20200401003129|10,000|||All day|[2, 3, 9, 10, 11, 12]|Northern Hemisphere|River (Mouth)|Fish|280.0|Huge
Sturgeon|https://vignette.wikia.nocookie.net/animalcrossing/images/9/98/NH-Icon-sturgeon.png/revision/latest/scale-to-width-down/64?cb=20200401003129|10,000|||All day|[3, 4, 5, 6, 7, 8, 9]|Southern Hemisphere|River (Mouth)|Fish|280.0|Huge
Suckerfish|https://vignette.wikia.nocookie.net/animalcrossing/images/b/b9/NH-Icon-suckerfish.png/revision/latest/scale-to-width-down/64?cb=20200401003131|1,500|||All day|[1, 2, 3, 12]|Southern Hemisphere|Sea|Fish|282.0|Medium with fin
Suckerfish|https://vignette.wikia.nocookie.net/animalcrossing/images/b/b9/NH-Icon-suckerfish.png/revision/latest/scale-to-width-down/64?cb=20200401003131|1,500|||All day|[6, 7, 8, 9]|Northern Hemisphere|Sea|Fish|282.0|Medium with fin
Surgeonfish|https://vignette.wikia.nocookie.net/animalcrossing/images/1/11/NH-Icon-surgeonfish.png/revision/latest/scale-to-width-down/64?cb=20200401003129|1,000|||All day|[1, 2, 3, 10, 11, 12]|Southern Hemisphere|Sea|Fish|284.0|Small
Surgeonfish|https://vignette.wikia.nocookie.net/animalcrossing/images/1/11/NH-Icon-surgeonfish.png/revision/latest/scale-to-width-down/64?cb=20200401003129|1000|||All day|[4, 5, 6, 7, 8, 9]|Northern Hemisphere|Sea|Fish|284.0|Small
Sweetfish|https://vignette.wikia.nocookie.net/animalcrossing/images/4/40/NH-Icon-sweetfish.png/revision/latest/scale-to-width-down/64?cb=20200401003129|900|||All day|[1, 2, 3]|Southern Hemisphere|River|Fish|286.0|Medium-small
Sweetfish|https://vignette.wikia.nocookie.net/animalcrossing/images/4/40/NH-Icon-sweetfish.png/revision/latest/scale-to-width-down/64?cb=20200401003129|900|||All day|[7, 8, 9]|Northern Hemisphere|River|Fish|286.0|Medium-small
Tadpole|https://vignette.wikia.nocookie.net/animalcrossing/images/1/1c/NH-Icon-tadpole.png/revision/latest/scale-to-width-down/64?cb=20200401003129|100|||All day|[1, 9, 10, 11, 12]|Southern Hemisphere|Pond|Fish|288.0|Tiny
Tadpole|https://vignette.wikia.nocookie.net/animalcrossing/images/1/1c/NH-Icon-tadpole.png/revision/latest/scale-to-width-down/64?cb=20200401003129|100|||All day|[3, 4, 5, 6, 7]|Northern Hemisphere|Pond|Fish|288.0|Tiny
Tarantula|https://vignette.wikia.nocookie.net/animalcrossing/images/0/0a/NH-Icon-tarantula.png/revision/latest/scale-to-width-down/64?cb=20200401005429|8,000|||7pm - 4am|[1, 2, 3, 4, 11, 12]|Northern Hemisphere|On the ground|Bug|290.0|
Tarantula|https://vignette.wikia.nocookie.net/animalcrossing/images/0/0a/NH-Icon-tarantula.png/revision/latest/scale-to-width-down/64?cb=20200401005429|8,000|||7pm - 4am|[5, 6, 7, 8, 9, 10]|Southern Hemisphere|On the ground|Bug|290.0|
Tiger beetle|https://vignette.wikia.nocookie.net/animalcrossing/images/e/e3/NH-Icon-tigerbeetle.png/revision/latest/scale-to-width-down/64?cb=20200401005428|1,500|||All day|[1, 2, 3, 4, 8, 9, 10, 11, 12]|Southern Hemisphere|On the ground|Bug|292.0|
Tiger beetle|https://vignette.wikia.nocookie.net/animalcrossing/images/e/e3/NH-Icon-tigerbeetle.png/revision/latest/scale-to-width-down/64?cb=20200401005428|1,500|||All day|[2, 3, 4, 5, 6, 7, 8, 9, 10]|Northern Hemisphere|On the ground|Bug|292.0|
Tiger butterfly|https://vignette.wikia.nocookie.net/animalcrossing/images/6/65/NH-Icon-tigerbutterfly.png/revision/latest/scale-to-width-down/64?cb=20200401005429|240|||4am - 7pm|[1, 2, 3, 9, 10, 11, 12]|Southern Hemisphere|Flying|Bug|294.0|
Tiger butterfly|https://vignette.wikia.nocookie.net/animalcrossing/images/6/65/NH-Icon-tigerbutterfly.png/revision/latest/scale-to-width-down/64?cb=20200401005429|240|||4am - 7pm|[3, 4, 5, 6, 7, 8, 9]|Northern Hemisphere|Flying|Bug|294.0|
Tilapia|https://vignette.wikia.nocookie.net/animalcrossing/images/5/53/NH-Icon-tilapia.png/revision/latest/scale-to-width-down/64?cb=20200401003129|800|||All day|[1, 2, 3, 4, 12]|Southern Hemisphere|River|Fish|296.0|Medium-small
Tilapia|https://vignette.wikia.nocookie.net/animalcrossing/images/5/53/NH-Icon-tilapia.png/revision/latest/scale-to-width-down/64?cb=20200401003129|800|||All day|[6, 7, 8, 9, 10]|Northern Hemisphere|River|Fish|296.0|Medium-small
Tuna|https://vignette.wikia.nocookie.net/animalcrossing/images/5/50/NH-Icon-tuna.png/revision/latest/scale-to-width-down/64?cb=20200401003129|7,000|||All day|[2, 3, 4, 11, 12]|Northern Hemisphere|Pier|Fish|298.0|Huge
Tuna|https://vignette.wikia.nocookie.net/animalcrossing/images/5/50/NH-Icon-tuna.png/revision/latest/scale-to-width-down/64?cb=20200401003129|7,000|||All day|[5, 6, 7, 8, 9, 10]|Southern Hemisphere|Pier|Fish|298.0|Huge
Violin beetle|https://vignette.wikia.nocookie.net/animalcrossing/images/6/6a/NH-Icon-violinbeetle.png/revision/latest/scale-to-width-down/64?cb=20200401005429|450|||All day|[3, 4, 5, 11, 12]|Southern Hemisphere|On tree stumps|Bug|300.0|
Violin beetle|https://vignette.wikia.nocookie.net/animalcrossing/images/6/6a/NH-Icon-violinbeetle.png/revision/latest/scale-to-width-down/64?cb=20200401005429|450|||All day|[5, 6, 9, 10, 11]|Northern Hemisphere|On tree stumps|Bug|300.0|
Walker cicada|https://vignette.wikia.nocookie.net/animalcrossing/images/e/ec/NH-Icon-walkercicada.png/revision/latest/scale-to-width-down/64?cb=20200401005429|400|||8am - 5pm|[2, 3]|Southern Hemisphere|On trees|Bug|302.0|
Walker cicada|https://vignette.wikia.nocookie.net/animalcrossing/images/e/ec/NH-Icon-walkercicada.png/revision/latest/scale-to-width-down/64?cb=20200401005429|400|||8am - 5pm|[8, 9]|Northern Hemisphere|On trees|Bug|302.0|
Walking leaf|https://vignette.wikia.nocookie.net/animalcrossing/images/c/cb/NH-Icon-walkingleaf.png/revision/latest/scale-to-width-down/64?cb=20200401005429|600|||All day|[1, 2, 3]|Southern Hemisphere|Disguised as leaves|Bug|304.0|
Walking leaf|https://vignette.wikia.nocookie.net/animalcrossing/images/c/cb/NH-Icon-walkingleaf.png/revision/latest/scale-to-width-down/64?cb=20200401005429|600|||All day|[7, 8, 9]|Northern Hemisphere|Disguised as leaves|Bug|304.0|
Walking stick|https://vignette.wikia.nocookie.net/animalcrossing/images/6/62/NH-Icon-walkingstick.png/revision/latest/scale-to-width-down/64?cb=20200401005428|600|||4am - 8am & 5pm - 7pm|[1, 2, 3, 4, 5]|Southern Hemisphere|On trees|Bug|306.0|
Walking stick|https://vignette.wikia.nocookie.net/animalcrossing/images/6/62/NH-Icon-walkingstick.png/revision/latest/scale-to-width-down/64?cb=20200401005428|600|||4am - 8am & 5pm - 7pm|[7, 8, 9, 10, 11]|Northern Hemisphere|On trees|Bug|306.0|
Wasp|https://vignette.wikia.nocookie.net/animalcrossing/images/9/9e/NH-Icon-wasp.png/revision/latest/scale-to-width-down/64?cb=20200401005428|2,500|||All day|[1, 2, 3, 4, 5, 6, 7, 8, 9, 10, 11, 12]|Northern Hemisphere|Shaking trees|Bug|308.0|
Wasp|https://vignette.wikia.nocookie.net/animalcrossing/images/9/9e/NH-Icon-wasp.png/revision/latest/scale-to-width-down/64?cb=20200401005428|2,500|||All day|[1, 2, 3, 4, 5, 6, 7, 8, 9, 10, 11, 12]|Southern Hemisphere|Shaking trees|Bug|308.0|
Whale shark|https://vignette.wikia.nocookie.net/animalcrossing/images/1/1c/NH-Icon-whaleshark.png/revision/latest/scale-to-width-down/64?cb=20200401003129|13,000|||All day|[1, 2, 3, 12]|Southern Hemisphere|Sea|Fish|310.0|Huge with fin
Whale shark|https://vignette.wikia.nocookie.net/animalcrossing/images/1/1c/NH-Icon-whaleshark.png/revision/latest/scale-to-width-down/64?cb=20200401003129|13,000|||All day|[6, 7, 8, 9]|Northern Hemisphere|Sea|Fish|310.0|Huge with fin
Wharf roach|https://vignette.wikia.nocookie.net/animalcrossing/images/5/5d/NH-Icon-wharfroach.png/revision/latest/scale-to-width-down/64?cb=20200401005428|200|||All day|[1, 2, 3, 4, 5, 6, 7, 8, 9, 10, 11, 12]|Northern Hemisphere|On rocks at the beach|Bug|312.0|
Wharf roach|https://vignette.wikia.nocookie.net/animalcrossing/images/5/5d/NH-Icon-wharfroach.png/revision/latest/scale-to-width-down/64?cb=20200401005428|200|||All day|[1, 2, 3, 4, 5, 6, 7, 8, 9, 10, 11, 12]|Southern Hemisphere|On rocks at the beach|Bug|312.0|
Yellow butterfly|https://vignette.wikia.nocookie.net/animalcrossing/images/f/fa/NH-Icon-yellowbutterfly.png/revision/latest/scale-to-width-down/64?cb=20200401005428|160|||4am - 7pm|[3, 4, 5, 6, 9, 10]|Northern Hemisphere|Flying|Bug|314.0|
Yellow butterfly|https://vignette.wikia.nocookie.net/animalcrossing/images/f/fa/NH-Icon-yellowbutterfly.png/revision/latest/scale-to-width-down/64?cb=20200401005428|160|||4am - 7pm|[3, 4, 9, 10, 11, 12]|Southern Hemisphere|Flying|Bug|314.0|
Yellow perch|https://vignette.wikia.nocookie.net/animalcrossing/images/1/1d/NH-Icon-yellowperch.png/revision/latest/scale-to-width-down/64?cb=20200401003129|300|||All day|[2, 3, 10, 11, 12]|Northern Hemisphere|River|Fish|316.0|Medium-small
Yellow perch|https://vignette.wikia.nocookie.net/animalcrossing/images/1/1d/NH-Icon-yellowperch.png/revision/latest/scale-to-width-down/64?cb=20200401003129|300|||All day|[4, 5, 6, 7, 8, 9]|Southern Hemisphere|River|Fish|316.0|Medium-small
Zebra turkeyfish|https://vignette.wikia.nocookie.net/animalcrossing/images/1/1c/NH-Icon-zebraturkeyfish.png/revision/latest/scale-to-width-down/64?cb=20200401003130|500|||All day|[1, 2, 3, 4, 5, 10, 12]|Southern Hemisphere|Sea|Fish|318.0|Medium-small
Zebra turkeyfish|https://vignette.wikia.nocookie.net/animalcrossing/images/1/1c/NH-Icon-zebraturkeyfish.png/revision/latest/scale-to-width-down/64?cb=20200401003130|500|||All day|[4, 5, 6, 7, 8, 9, 10, 11]|Northern Hemisphere|Sea|Fish|318.0|Medium-small
Zebra turkeyfish]|https://vignette.wikia.nocookie.net/animalcrossing/images/1/1c/NH-Icon-zebraturkeyfish.png/revision/latest/scale-to-width-down/64?cb=20200401003130|500|||All day|[11]|Southern Hemisphere|Sea|Fish||
Seaweed|https://vignette.wikia.nocookie.net/animalcrossing/images/8/82/NH-Icon-seaweed.png/revision/latest/scale-to-width-down/64?cb=20200703072917|600|Large|Stationary|All Day|[1, 2, 3, 4, 5, 6, 7, 10, 11, 12]|Northern Hemisphere||Deep Sea Creature||
Sea Grapes|https://vignette.wikia.nocookie.net/animalcrossing/images/5/51/NH-Icon-seagrapes.png/revision/latest?cb=20200703072938|900|Medium|Stationary|All Day|[6, 7, 8, 9]|Northern Hemisphere||Deep Sea Creature||
Sea cucumber|https://vignette.wikia.nocookie.net/animalcrossing/images/f/fc/NH-Icon-seacucumber.png/revision/latest?cb=20200703072949|500|Medium|Slow Consistent Movement|All Day|[1, 2, 3, 4, 11, 12]|Northern Hemisphere||Deep Sea Creature||
Sea Pig|https://vignette.wikia.nocookie.net/animalcrossing/images/3/39/NH-Icon-seapig.png/revision/latest?cb=20200703072957|8000|Medium|Quick Long Lunges|4pm - 9am|[1, 2, 11, 12]|Northern Hemisphere||Deep Sea Creature||
Sea Star|https://vignette.wikia.nocookie.net/animalcrossing/images/9/92/NH-Icon-seastar.png/revision/latest?cb=20200703073005|500|Medium|Slow Short Lunges|All Day|[1, 2, 3, 4, 5, 6, 7, 8, 9, 10, 11, 12]|Northern Hemisphere||Deep Sea Creature||
Sea Urchin|https://vignette.wikia.nocookie.net/animalcrossing/images/d/d6/NH-Icon-seaurchin.png/revision/latest?cb=20200703073015|1700|Medium|Slow Consistent Movement|All Day|[5, 6, 7, 8, 9]|Northern Hemisphere||Deep Sea Creature||
Slate Pencil Urchin|https://vignette.wikia.nocookie.net/animalcrossing/images/c/cd/NH-Icon-slatepencilurchin.png/revision/latest?cb=20200703073024|2000|Large|Medium Consistent Movement|4pm - 9am|[5, 6, 7, 8, 9]|Northern Hemisphere||Deep Sea Creature||
Sea anemone|https://vignette.wikia.nocookie.net/animalcrossing/images/b/b4/NH-Icon-seaanemone.png/revision/latest?cb=20200703073043|600|Large|Stationary|All Day|[1, 2, 3, 4, 5, 6, 7, 8, 9, 10, 11, 12]|Northern Hemisphere||Deep Sea Creature||
Moon jellyfish|https://vignette.wikia.nocookie.net/animalcrossing/images/b/b2/NH-Icon-moonjellyfish.png/revision/latest?cb=20200703073049|600|Small|Slow Consistent Movement|All Day|[7, 8, 9]|Northern Hemisphere||Deep Sea Creature||
Sea slug|https://vignette.wikia.nocookie.net/animalcrossing/images/d/d4/NH-Icon-seaslug.png/revision/latest?cb=20200703073056|600|Small|Slow Consistent Movement|All Day|[1, 2, 3, 4, 5, 6, 7, 8, 9, 10, 11, 12]|Northern Hemisphere||Deep Sea Creature||
Pearl oyster|https://vignette.wikia.nocookie.net/animalcrossing/images/d/d8/NH-Icon-pearloyster.png/revision/latest?cb=20200703073103|2800|Medium|Moderate Long Lunges|All Day|[1, 2, 3, 4, 5, 6, 7, 8, 9, 10, 11, 12]|Northern Hemisphere||Deep Sea Creature||
Mussel|https://vignette.wikia.nocookie.net/animalcrossing/images/4/49/NH-Icon-mussel.png/revision/latest?cb=20200703073123|1500|Small|Slow Consistent Movement|All Day|[6, 7, 8, 9, 10, 11, 12]|Northern Hemisphere||Deep Sea Creature||
Oyster|https://vignette.wikia.nocookie.net/animalcrossing/images/a/a1/NH-Icon-oyster.png/revision/latest?cb=20200703073146|2000|?|?|All Day|[1, 2, 9, 10, 11, 12]|Northern Hemisphere||Deep Sea Creature||
Scallop|https://vignette.wikia.nocookie.net/animalcrossing/images/7/7e/NH-Icon-scallop.png/revision/latest?cb=20200703073131|1200|Large|Slow Long Lunges|All Day|[1, 2, 3, 4, 5, 6, 7, 8, 9, 10, 11, 12]|Northern Hemisphere||Deep Sea Creature||
Whelk|https://vignette.wikia.nocookie.net/animalcrossing/images/5/51/NH-Icon-whelk.png/revision/latest?cb=20200703073139|1000|Medium|Slow Consistent Movement|All Day|[1, 2, 3, 4, 5, 6, 7, 8, 9, 10, 11, 12]|Northern Hemisphere||Deep Sea Creature||
Turban shell|https://vignette.wikia.nocookie.net/animalcrossing/images/4/41/NH-Icon-turbanshell.png/revision/latest?cb=20200703073206|800|Medium|Slow|All Day|[3, 4, 5, 9, 10, 11, 12]|Northern Hemisphere||Deep Sea Creature||
Abalone|https://vignette.wikia.nocookie.net/animalcrossing/images/f/f1/NH-Icon-abalone.png/revision/latest?cb=20200703073152|2000|Big|Moderate Consistent Movement|4pm - 9am|[1, 6, 7, 8, 9, 10, 11, 12]|Northern Hemisphere||Deep Sea Creature||
Gigas Giant Clam|https://vignette.wikia.nocookie.net/animalcrossing/images/0/09/NH-Icon-gigasgiantclam.png/revision/latest?cb=20200703073847|15000|Large|Quick Short Lunges|All Day|[5, 6, 7, 8, 9]|Northern Hemisphere||Deep Sea Creature||
Chambered nautilus|https://vignette.wikia.nocookie.net/animalcrossing/images/a/ab/NH-Icon-chamberednautilus.png/revision/latest?cb=20200703073241|1440|Large|Slow|4pm - 9am|[3, 4, 5, 6, 9, 10, 11]|Northern Hemisphere||Deep Sea Creature||
Octopus|https://vignette.wikia.nocookie.net/animalcrossing/images/4/4e/NH-Icon-octopus.png/revision/latest?cb=20200703073226|1200|Large|Slow Long Lunges|All Day|[1, 2, 3, 4, 5, 6, 7, 8, 9, 10, 11, 12]|Northern Hemisphere||Deep Sea Creature||
Umbrella Octopus|https://vignette.wikia.nocookie.net/animalcrossing/images/f/f5/NH-Icon-umbrellaoctopus.png/revision/latest?cb=20200703073735|?|Medium|Quick Short Lunges|All Day|[3, 4, 5, 9, 10, 11]|Northern Hemisphere||Deep Sea Creature||
Vampire Squid|https://vignette.wikia.nocookie.net/animalcrossing/images/1/13/NH-Icon-vampiresquid.png/revision/latest?cb=20200703073755|10000|?|Quick|4pm - 9am|[5, 6, 7, 8]|Northern Hemisphere||Deep Sea Creature||
Firefly Squid|https://vignette.wikia.nocookie.net/animalcrossing/images/8/85/NH-Icon-fireflysquid.png/revision/latest?cb=20200703074330|?|?|?|9pm - 4am|[3, 4, 5, 6]|Northern Hemisphere||Deep Sea Creature||
Gazami Crab|https://vignette.wikia.nocookie.net/animalcrossing/images/5/52/NH-Icon-gazamicrab.png/revision/latest?cb=20200703073714|2200|Large|Slow Consistent Movement|All Day|[6, 7, 8, 9, 10, 11]|Northern Hemisphere||Deep Sea Creature||
Dungeness Crab|https://vignette.wikia.nocookie.net/animalcrossing/images/7/7e/NH-Icon-dungenesscrab.png/revision/latest?cb=20200703073838|?|?|?|All Day|[1, 2, 3, 4, 5, 11, 12]|Northern Hemisphere||Deep Sea Creature||
Snow Crab|https://vignette.wikia.nocookie.net/animalcrossing/images/6/69/NH-Icon-snowcrab.png/revision/latest?cb=20200703073707|6000|?|?|All Day|[1, 2, 3, 4, 11, 12]|Northern Hemisphere||Deep Sea Creature||
Red king crab|https://vignette.wikia.nocookie.net/animalcrossing/images/a/ae/NH-Icon-redkingcrab.png/revision/latest?cb=20200703073941|8000|Large|Quick|All Day|[1, 2, 3, 11, 12]|Northern Hemisphere||Deep Sea Creature||
Acorn Barnacle|https://vignette.wikia.nocookie.net/animalcrossing/images/e/e3/NH-Icon-acornbarnacle.png/revision/latest?cb=20200703073745|600|Small|Stationary|All Day|[1, 2, 3, 4, 5, 6, 7, 8, 9, 10, 11, 12]|Northern Hemisphere||Deep Sea Creature||
Spider crab|https://vignette.wikia.nocookie.net/animalcrossing/images/d/d5/NH-Icon-spidercrab.png/revision/latest?cb=20200703073641|?|Large|Quick|All Day|[3, 4]|Northern Hemisphere||Deep Sea Creature||
Tiger Prawn|https://vignette.wikia.nocookie.net/animalcrossing/images/c/c7/NH-Icon-tigerprawn.png/revision/latest?cb=20200703073805|3000|?|Moderate Consistent Movement|4pm - 9am|[6, 7, 8, 9]|Northern Hemisphere||Deep Sea Creature||
Sweet shrimp|https://vignette.wikia.nocookie.net/animalcrossing/images/6/68/NH-Icon-sweetshrimp.png/revision/latest?cb=20200703073215|?|?|?|4 pm - 9 am|[1, 2, 9, 10, 11, 12]|Northern Hemisphere||Deep Sea Creature||
Mantis Shrimp|https://vignette.wikia.nocookie.net/animalcrossing/images/a/a5/NH-Icon-mantisshrimp.png/revision/latest?cb=20200703073828|2500|Big|Quick Short Lunges|4pm - 9am|[1, 2, 3, 4, 5, 6, 7, 8, 9, 10, 11, 12]|Northern Hemisphere||Deep Sea Creature||
Spiny lobster|https://vignette.wikia.nocookie.net/animalcrossing/images/7/72/NH-Icon-spinylobster.png/revision/latest?cb=20200703073647|?|?|?|9 pm - 4 am|[10, 11, 12]|Northern Hemisphere||Deep Sea Creature||
Lobster|https://vignette.wikia.nocookie.net/animalcrossing/images/b/bc/NH-Icon-lobster.png/revision/latest?cb=20200703073654|4500|Large|Quick|All Day|[1, 2, 3, 4, 5, 8, 12]|Northern Hemisphere||Deep Sea Creature||
Giant isopod|https://vignette.wikia.nocookie.net/animalcrossing/images/1/19/NH-Icon-giantisopod.png/revision/latest?cb=20200703073911|12000|Large|Quick Long Lunges|9am - 4pm & 9pm - 4am|[7, 8, 9, 10]|Northern Hemisphere||Deep Sea Creature||
Horseshoe Crab|https://vignette.wikia.nocookie.net/animalcrossing/images/d/d4/NH-Icon-horseshoecrab.png/revision/latest?cb=20200703073923|2500|?|?|9pm - 4am|[7, 8, 9]|Northern Hemisphere||Deep Sea Creature||
Sea Pineapple|https://vignette.wikia.nocookie.net/animalcrossing/images/7/79/NH-Icon-seapineapple.png/revision/latest?cb=20200703073932|1500|Medium|Slow Long Lunges|All Day|[4, 5, 6, 7, 8]|Northern Hemisphere||Deep Sea Creature||
Spotted garden eel|https://vignette.wikia.nocookie.net/animalcrossing/images/1/19/NH-Icon-spottedgardeneel.png/revision/latest?cb=20200703073947|1100|Small|Slow Consistent Movement|4am - 9pm|[5, 6, 7, 8, 9, 10]|Northern Hemisphere||Deep Sea Creature||
Flatworm|https://vignette.wikia.nocookie.net/animalcrossing/images/a/a3/NH-Icon-flatworm.png/revision/latest?cb=20200703073720|700|Small|Slow Short Movement|4pm - 9am|[8, 9]|Northern Hemisphere||Deep Sea Creature||
Venus Flower Basket|https://vignette.wikia.nocookie.net/animalcrossing/images/2/22/NH-Icon-venusflowerbasket.png/revision/latest?cb=20200703073727|5000|Large|Quick Long Lunges|All Day|[1, 2, 10, 11, 12]|Northern Hemisphere||Deep Sea Creature||
Seaweed|https://vignette.wikia.nocookie.net/animalcrossing/images/8/82/NH-Icon-seaweed.png/revision/latest/scale-to-width-down/64?cb=20200703072917|600|Large|Stationary|All Day|[1, 4, 5, 6, 7, 8, 9, 10, 11, 12]|Southern Hemisphere||Deep Sea Creature||
Sea grapes|https://vignette.wikia.nocookie.net/animalcrossing/images/5/51/NH-Icon-seagrapes.png/revision/latest?cb=20200703072938|900|Medium|Stationary|All Day|[1, 2, 3, 12]|Southern Hemisphere||Deep Sea Creature||
Sea cucumber|https://vignette.wikia.nocookie.net/animalcrossing/images/f/fc/NH-Icon-seacucumber.png/revision/latest?cb=20200703072949|500|Medium|Slow Consistent Movement|All Day|[5, 6, 7, 8, 9, 10]|Southern Hemisphere||Deep Sea Creature||
Sea Pig|https://vignette.wikia.nocookie.net/animalcrossing/images/3/39/NH-Icon-seapig.png/revision/latest?cb=20200703072957|8000|Medium|Quick Long Lunges|4 pm - 9 am|[5, 6, 7, 8]|Southern Hemisphere||Deep Sea Creature||
Sea star|https://vignette.wikia.nocookie.net/animalcrossing/images/9/92/NH-Icon-seastar.png/revision/latest?cb=20200703073005|500|Medium|Slow Short Lunges|All Day|[1, 2, 3, 4, 5, 6, 7, 8, 9, 10, 11, 12]|Southern Hemisphere||Deep Sea Creature||
Sea urchin|https://vignette.wikia.nocookie.net/animalcrossing/images/d/d6/NH-Icon-seaurchin.png/revision/latest?cb=20200703073015|1700|Medium|Slow Consistent Movement|All Day|[1, 2, 3, 11, 12]|Southern Hemisphere||Deep Sea Creature||
Slate Pencil Urchin|https://vignette.wikia.nocookie.net/animalcrossing/images/c/cd/NH-Icon-slatepencilurchin.png/revision/latest?cb=20200703073024|2000|Large|Medium Consistent Movement|4 pm - 9 am|[1, 2, 3, 11, 12]|Southern Hemisphere||Deep Sea Creature||
Sea anemone|https://vignette.wikia.nocookie.net/animalcrossing/images/b/b4/NH-Icon-seaanemone.png/revision/latest?cb=20200703073043|500|Large|Stationary|All Day|[1, 2, 3, 4, 5, 6, 7, 8, 9, 10, 11, 12]|Southern Hemisphere||Deep Sea Creature||
Moon jellyfish|https://vignette.wikia.nocookie.net/animalcrossing/images/b/b2/NH-Icon-moonjellyfish.png/revision/latest?cb=20200703073049|600|Small|Slow Consistent Movement|All Day|[1, 2, 3]|Southern Hemisphere||Deep Sea Creature||
Sea slug|https://vignette.wikia.nocookie.net/animalcrossing/images/d/d4/NH-Icon-seaslug.png/revision/latest?cb=20200703073056|600|Small|Slow Consistent Movement|All Day|[1, 2, 3, 4, 5, 6, 7, 8, 9, 10, 11, 12]|Southern Hemisphere||Deep Sea Creature||
Pearl oyster|https://vignette.wikia.nocookie.net/animalcrossing/images/d/d8/NH-Icon-pearloyster.png/revision/latest?cb=20200703073103|2800|Medium|Moderate Long Lunges|All Day|[1, 2, 3, 4, 5, 6, 7, 8, 9, 10, 11, 12]|Southern Hemisphere||Deep Sea Creature||
Mussel|https://vignette.wikia.nocookie.net/animalcrossing/images/4/49/NH-Icon-mussel.png/revision/latest?cb=20200703073123|1500|Small|Slow Consistent Movement|All Day|[1, 2, 3, 4, 5, 6, 12]|Southern Hemisphere||Deep Sea Creature||
Oyster|https://vignette.wikia.nocookie.net/animalcrossing/images/a/a1/NH-Icon-oyster.png/revision/latest?cb=20200703073146|2000|?|?|All Day|[3, 4, 5, 6, 7, 8]|Southern Hemisphere||Deep Sea Creature||
Scallop|https://vignette.wikia.nocookie.net/animalcrossing/images/7/7e/NH-Icon-scallop.png/revision/latest?cb=20200703073131|1200|Large|Slow Long Lunges|All Day|[1, 2, 3, 4, 5, 6, 7, 8, 9, 10, 11, 12]|Southern Hemisphere||Deep Sea Creature||
Whelk|https://vignette.wikia.nocookie.net/animalcrossing/images/5/51/NH-Icon-whelk.png/revision/latest?cb=20200703073139|1000|Medium|Slow Consistent Movement|All Day|[1, 2, 3, 4, 5, 6, 7, 8, 9, 10, 11, 12]|Southern Hemisphere||Deep Sea Creature||
Spotted garden eel|https://vignette.wikia.nocookie.net/animalcrossing/images/1/19/NH-Icon-spottedgardeneel.png/revision/latest?cb=20200703073947|1100|Medium|?|4am - 9pm|[1, 2, 3, 4, 11, 12]|Southern Hemisphere||Deep Sea Creature||
Flatworm|https://vignette.wikia.nocookie.net/animalcrossing/images/a/a3/NH-Icon-flatworm.png/revision/latest?cb=20200703073720|?|?|?|?|[2, 3]|Southern Hemisphere||Deep Sea Creature||
Sea Pineapple|https://vignette.wikia.nocookie.net/animalcrossing/images/7/79/NH-Icon-seapineapple.png/revision/latest?cb=20200703073932|1500|Medium|?|?|[1, 2, 10, 11, 12]|Southern Hemisphere||Deep Sea Creature||
Abalone|https://vignette.wikia.nocookie.net/animalcrossing/images/f/f1/NH-Icon-abalone.png/revision/latest?cb=20200703073152|2000|Big|?|4pm - 9am|[1, 2, 3, 4, 5, 6, 7, 12]|Southern Hemisphere||Deep Sea Creature||
Horseshoe crab|https://vignette.wikia.nocookie.net/animalcrossing/images/d/d4/NH-Icon-horseshoecrab.png/revision/latest?cb=20200703073923|2500|?|?|?|[1, 2, 3]|Southern Hemisphere||Deep Sea Creature||
Gazami Crab|https://vignette.wikia.nocookie.net/animalcrossing/images/5/52/NH-Icon-gazamicrab.png/revision/latest?cb=20200703073714|2200|?|?|?|[1, 2, 3, 4, 5, 12]|Southern Hemisphere||Deep Sea Creature||
Firefly Squid|https://vignette.wikia.nocookie.net/animalcrossing/images/8/85/NH-Icon-fireflysquid.png/revision/latest?cb=20200703074330|?|?|?|?|[]|Southern Hemisphere||Deep Sea Creature||
Spiny lobster|https://vignette.wikia.nocookie.net/animalcrossing/images/7/72/NH-Icon-spinylobster.png/revision/latest?cb=20200703073647|?|?|?|?|[]|Southern Hemisphere||Deep Sea Creature||
Venus Flower Basket|https://vignette.wikia.nocookie.net/animalcrossing/images/2/22/NH-Icon-venusflowerbasket.png/revision/latest?cb=20200703073727|5000|Large|Quick Long Lunges|All Day|[4, 5, 6, 7, 8]|Southern Hemisphere||Deep Sea Creature||
Spider crab|https://vignette.wikia.nocookie.net/animalcrossing/images/d/d5/NH-Icon-spidercrab.png/revision/latest?cb=20200703073641|?|?|?|?|[]|Southern Hemisphere||Deep Sea Creature||
Gigas Giant Clam|https://vignette.wikia.nocookie.net/animalcrossing/images/0/09/NH-Icon-gigasgiantclam.png/revision/latest?cb=20200703073847|15000|?|?|?|[1, 2, 3, 11, 12]|Southern Hemisphere||Deep Sea Creature||
Chambered nautilus|https://vignette.wikia.nocookie.net/animalcrossing/images/a/ab/NH-Icon-chamberednautilus.png/revision/latest?cb=20200703073241|?|?|?|?|[]|Southern Hemisphere||Deep Sea Creature||
Snow Crab|https://vignette.wikia.nocookie.net/animalcrossing/images/6/69/NH-Icon-snowcrab.png/revision/latest?cb=20200703073707|6000|?|Quick Short Lunges|All Day|[5, 6, 7, 8, 9, 10]|Southern Hemisphere||Deep Sea Creature||
Dungeness Crab|https://vignette.wikia.nocookie.net/animalcrossing/images/7/7e/NH-Icon-dungenesscrab.png/revision/latest?cb=20200703073838|1900|?|?|All Day|[5, 6, 7, 8, 9, 10, 11]|Southern Hemisphere||Deep Sea Creature||
Vampire Squid|https://vignette.wikia.nocookie.net/animalcrossing/images/1/13/NH-Icon-vampiresquid.png/revision/latest?cb=20200703073755|10000|?|?|?|[]|Southern Hemisphere||Deep Sea Creature||
Turban shell|https://vignette.wikia.nocookie.net/animalcrossing/images/4/41/NH-Icon-turbanshell.png/revision/latest?cb=20200703073206|?|?|?|?|[3, 4, 5, 6, 9, 10, 11]|Southern Hemisphere||Deep Sea Creature||
Sweet shrimp|https://vignette.wikia.nocookie.net/animalcrossing/images/6/68/NH-Icon-sweetshrimp.png/revision/latest?cb=20200703073215|1400|?|?|4pm - 9am|[3, 4, 5, 6, 7, 8]|Southern Hemisphere||Deep Sea Creature||
Lobster|https://vignette.wikia.nocookie.net/animalcrossing/images/b/bc/NH-Icon-lobster.png/revision/latest?cb=20200703073654|4500|?|?|All Day|[6, 7, 10, 11, 12]|Southern Hemisphere||Deep Sea Creature||
Umbrella Octopus|https://vignette.wikia.nocookie.net/animalcrossing/images/f/f5/NH-Icon-umbrellaoctopus.png/revision/latest?cb=20200703073735|?|?|?|?|[]|Southern Hemisphere||Deep Sea Creature||
Mantis shrimp|https://vignette.wikia.nocookie.net/animalcrossing/images/a/a5/NH-Icon-mantisshrimp.png/revision/latest?cb=20200703073828|2500|?|?|12am - 8am & 4pm - 12am|[1, 2, 3, 4, 5, 6, 7, 8, 9, 10, 11, 12]|Southern Hemisphere||Deep Sea Creature||
Tiger prawn|https://vignette.wikia.nocookie.net/animalcrossing/images/c/c7/NH-Icon-tigerprawn.png/revision/latest?cb=20200703073805|3000|?|?|?|[1, 2, 3, 12]|Southern Hemisphere||Deep Sea Creature||
Acorn barnacle|https://vignette.wikia.nocookie.net/animalcrossing/images/e/e3/NH-Icon-acornbarnacle.png/revision/latest?cb=20200703073745|600|?|?|All Day|[1, 2, 3, 4, 5, 6, 7, 8, 9, 10, 11, 12]|Southern Hemisphere||Deep Sea Creature||
Octopus|https://vignette.wikia.nocookie.net/animalcrossing/images/4/4e/NH-Icon-octopus.png/revision/latest?cb=20200703073226|1200|?|?|All Day|[1, 2, 3, 4, 5, 6, 7, 8, 9, 10, 11, 12]|Southern Hemisphere||Deep Sea Creature||
Red king crab|https://vignette.wikia.nocookie.net/animalcrossing/images/a/ae/NH-Icon-redkingcrab.png/revision/latest?cb=20200703073941|8000|?|?|All Day|[5, 6, 7, 8, 9]|Southern Hemisphere||Deep Sea Creature||
Giant isopod|https://vignette.wikia.nocookie.net/animalcrossing/images/1/19/NH-Icon-giantisopod.png/revision/latest?cb=20200703073911|12000|?|?|9am - 4pm & 9pm - 4am|[7, 8, 9, 10]|Southern Hemisphere||Deep Sea Creature||
