Name|url|Price|Location|Size|Time|Month|Hemisphere|Type|Months
Agrias butterfly|https://vignette.wikia.nocookie.net/animalcrossing/images/d/dc/NH-Icon-agriasbutterfly.png/revision/latest/scale-to-width-down/64?cb=20200401005428|3,000 Bells|Flying||8am - 5pm|1|Southern Hemisphere|Bug|[1, 2, 3, 10, 11, 12]
Agrias butterfly|https://vignette.wikia.nocookie.net/animalcrossing/images/d/dc/NH-Icon-agriasbutterfly.png/revision/latest/scale-to-width-down/64?cb=20200401005428|3,000 Bells|Flying||8am - 5pm|4|Northern Hemisphere|Bug|[4, 5, 6, 7, 8, 9]
Anchovy|https://vignette.wikia.nocookie.net/animalcrossing/images/2/24/NH-Icon-anchovy.png/revision/latest/scale-to-width-down/64?cb=20200401003129|200 Bells|Sea|Small|4am - 9pm|1|Northern Hemisphere|Fish|[1, 2, 3, 4, 5, 6, 7, 8, 9, 10, 11, 12]
Anchovy|https://vignette.wikia.nocookie.net/animalcrossing/images/2/24/NH-Icon-anchovy.png/revision/latest/scale-to-width-down/64?cb=20200401003129|200 Bells|Sea|Small|4am - 9pm|1|Southern Hemisphere|Fish|[1, 2, 3, 4, 5, 6, 7, 8, 9, 10, 11, 12]
Angelfish|https://vignette.wikia.nocookie.net/animalcrossing/images/6/63/NH-Icon-angelfish.png/revision/latest/scale-to-width-down/64?cb=20200401003128|3,000 Bells|River|Small|4pm - 9am|1|Southern Hemisphere|Fish|[1, 2, 3, 4, 11, 12]
Angelfish|https://vignette.wikia.nocookie.net/animalcrossing/images/6/63/NH-Icon-angelfish.png/revision/latest/scale-to-width-down/64?cb=20200401003128|3,000 Bells|River|Small|4pm - 9am|5|Northern Hemisphere|Fish|[5, 6, 7, 8, 9, 10]
Ant|https://vignette.wikia.nocookie.net/animalcrossing/images/4/45/NH-Icon-ant.png/revision/latest/scale-to-width-down/64?cb=20200401005428|80 Bells|On rotten food||All day|1|Northern Hemisphere|Bug|[1, 2, 3, 4, 5, 6, 7, 8, 9, 10, 11, 12]
Ant|https://vignette.wikia.nocookie.net/animalcrossing/images/4/45/NH-Icon-ant.png/revision/latest/scale-to-width-down/64?cb=20200401005428|80 Bells|On rotten food||All day|1|Southern Hemisphere|Bug|[1, 2, 3, 4, 5, 6, 7, 8, 9, 10, 11, 12]
Arapaima|https://vignette.wikia.nocookie.net/animalcrossing/images/7/7f/NH-Icon-arapaima.png/revision/latest/scale-to-width-down/64?cb=20200401003128|10,000 Bells|River|Huge|4pm - 9am|1|Southern Hemisphere|Fish|[1, 2, 3, 12]
Arapaima|https://vignette.wikia.nocookie.net/animalcrossing/images/7/7f/NH-Icon-arapaima.png/revision/latest/scale-to-width-down/64?cb=20200401003128|10,000 Bells|River|Huge|4pm - 9am|6|Northern Hemisphere|Fish|[6, 7, 8, 9]
Arowana|https://vignette.wikia.nocookie.net/animalcrossing/images/b/bf/NH-Icon-arowana.png/revision/latest/scale-to-width-down/64?cb=20200401003128|10,000 Bells|River|Medium-large|4pm - 9am|1|Southern Hemisphere|Fish|[1, 2, 3, 12]
Arowana|https://vignette.wikia.nocookie.net/animalcrossing/images/b/bf/NH-Icon-arowana.png/revision/latest/scale-to-width-down/64?cb=20200401003128|10,000 Bells|River|Medium-large|4pm - 9am|6|Northern Hemisphere|Fish|[6, 7, 8, 9]
Atlas moth|https://vignette.wikia.nocookie.net/animalcrossing/images/6/6a/NH-Icon-atlasmoth.png/revision/latest/scale-to-width-down/64?cb=20200401005428|3,000 Bells|On trees||7pm - 4am|1|Southern Hemisphere|Bug|[1, 2, 3, 10, 11, 12]
Atlas moth|https://vignette.wikia.nocookie.net/animalcrossing/images/6/6a/NH-Icon-atlasmoth.png/revision/latest/scale-to-width-down/64?cb=20200401005428|3,000 Bells|On trees||7pm - 4am|4|Northern Hemisphere|Bug|[4, 5, 6, 7, 8, 9]
Bagworm|https://vignette.wikia.nocookie.net/animalcrossing/images/8/81/NH-Icon-bagworm.png/revision/latest/scale-to-width-down/64?cb=20200401005428|600 Bells|Shaking trees||All day|1|Northern Hemisphere|Bug|[1, 2, 3, 4, 5, 6, 7, 8, 9, 10, 11, 12]
Bagworm|https://vignette.wikia.nocookie.net/animalcrossing/images/8/81/NH-Icon-bagworm.png/revision/latest/scale-to-width-down/64?cb=20200401005428|600 Bells|Shaking trees||All day|1|Southern Hemisphere|Bug|[1, 2, 3, 4, 5, 6, 7, 8, 9, 10, 11, 12]
Banded dragonfly|https://vignette.wikia.nocookie.net/animalcrossing/images/6/64/NH-Icon-bandeddragonfly.png/revision/latest/scale-to-width-down/64?cb=20200401005428|4,500 Bells|Flying||8am - 5pm|1|Southern Hemisphere|Bug|[1, 2, 3, 4, 11, 12]
Banded dragonfly|https://vignette.wikia.nocookie.net/animalcrossing/images/6/64/NH-Icon-bandeddragonfly.png/revision/latest/scale-to-width-down/64?cb=20200401005428|4,500 Bells|Flying||8am - 5pm|5|Northern Hemisphere|Bug|[5, 6, 7, 8, 9, 10]
Barred knifejaw|https://vignette.wikia.nocookie.net/animalcrossing/images/8/8c/NH-Icon-barredknifejaw.png/revision/latest/scale-to-width-down/64?cb=20200401003128|5,000 Bells|Sea|Medium-small|All day|1|Southern Hemisphere|Fish|[1, 2, 3, 4, 5, 9, 10, 11, 12]
Barred knifejaw|https://vignette.wikia.nocookie.net/animalcrossing/images/8/8c/NH-Icon-barredknifejaw.png/revision/latest/scale-to-width-down/64?cb=20200401003128|5,000 Bells|Sea|Medium-small|All day|3|Northern Hemisphere|Fish|[3, 4, 5, 6, 7, 8, 9, 10, 11]
Barreleye|https://vignette.wikia.nocookie.net/animalcrossing/images/c/c7/NH-Icon-barreleye.png/revision/latest/scale-to-width-down/64?cb=20200401003128|15,000 Bells|Sea|Small|9pm - 4am|1|Northern Hemisphere|Fish|[1, 2, 3, 4, 5, 6, 7, 8, 9, 10, 11, 12]
Barreleye|https://vignette.wikia.nocookie.net/animalcrossing/images/c/c7/NH-Icon-barreleye.png/revision/latest/scale-to-width-down/64?cb=20200401003128|15,000 Bells|Sea|Small|9pm - 4am|1|Southern Hemisphere|Fish|[1, 2, 3, 4, 5, 6, 7, 8, 9, 10, 11, 12]
Bell cricket|https://vignette.wikia.nocookie.net/animalcrossing/images/9/99/NH-Icon-bellcricket.png/revision/latest/scale-to-width-down/64?cb=20200401005428|430 Bells|On the ground||5pm - 8am|3|Southern Hemisphere|Bug|[3, 4]
Bell cricket|https://vignette.wikia.nocookie.net/animalcrossing/images/9/99/NH-Icon-bellcricket.png/revision/latest/scale-to-width-down/64?cb=20200401005428|430 Bells|On the ground||5pm - 8am|9|Northern Hemisphere|Bug|[9, 10]
Betta|https://vignette.wikia.nocookie.net/animalcrossing/images/7/7c/NH-Icon-betta.png/revision/latest/scale-to-width-down/64?cb=20200401003129|2,500 Bells|River|Small|9am - 4pm|1|Southern Hemisphere|Fish|[1, 2, 3, 4, 11, 12]
Betta|https://vignette.wikia.nocookie.net/animalcrossing/images/7/7c/NH-Icon-betta.png/revision/latest/scale-to-width-down/64?cb=20200401003129|2,500 Bells|River|Small|9am - 4pm|5|Northern Hemisphere|Fish|[5, 6, 7, 8, 9, 10]
Bitterling|https://vignette.wikia.nocookie.net/animalcrossing/images/e/ea/NH-Icon-bitterling.png/revision/latest/scale-to-width-down/64?cb=20200401003128|900 Bells|River|Tiny|All day|1|Northern Hemisphere|Fish|[1, 2, 3, 11, 12]
Bitterling|https://vignette.wikia.nocookie.net/animalcrossing/images/e/ea/NH-Icon-bitterling.png/revision/latest/scale-to-width-down/64?cb=20200401003128|900 Bells|River|Tiny|All day|5|Southern Hemisphere|Fish|[5, 6, 7, 8, 9]
Black bass|https://vignette.wikia.nocookie.net/animalcrossing/images/e/e2/NH-Icon-blackbass.png/revision/latest/scale-to-width-down/64?cb=20200401003129|400 Bells|River|Medium-large|All day|1|Northern Hemisphere|Fish|[1, 2, 3, 4, 5, 6, 7, 8, 9, 10, 11, 12]
Black bass|https://vignette.wikia.nocookie.net/animalcrossing/images/e/e2/NH-Icon-blackbass.png/revision/latest/scale-to-width-down/64?cb=20200401003129|400 Bells|River|Medium-large|All day|1|Southern Hemisphere|Fish|[1, 2, 3, 4, 5, 6, 7, 8, 9, 10, 11, 12]
Blowfish|https://vignette.wikia.nocookie.net/animalcrossing/images/3/39/NH-Icon-blowfish.png/revision/latest/scale-to-width-down/64?cb=20200401003129|5,000 Bells|Sea|Medium-small|6pm - 4am|1|Northern Hemisphere|Fish|[1, 2, 11, 12]
Blowfish|https://vignette.wikia.nocookie.net/animalcrossing/images/3/39/NH-Icon-blowfish.png/revision/latest/scale-to-width-down/64?cb=20200401003129|5,000 Bells|Sea|Medium-small|6pm - 4am|5|Southern Hemisphere|Fish|[5, 6, 7, 8]
Blue marlin|https://vignette.wikia.nocookie.net/animalcrossing/images/2/2f/NH-Icon-bluemarlin.png/revision/latest/scale-to-width-down/64?cb=20200401003129|10,000 Bells|Pier|Huge|All day|1|Northern Hemisphere|Fish|[1, 2, 3, 4, 7, 8, 9, 11, 12]
Blue marlin|https://vignette.wikia.nocookie.net/animalcrossing/images/2/2f/NH-Icon-bluemarlin.png/revision/latest/scale-to-width-down/64?cb=20200401003129|10,000 Bells|Pier|Huge|All day|1|Southern Hemisphere|Fish|[1, 2, 3, 5, 6, 7, 8, 9, 10]
Blue weevil beetle|https://vignette.wikia.nocookie.net/animalcrossing/images/f/f5/NH-Icon-blueweevilbeetle.png/revision/latest/scale-to-width-down/64?cb=20200401005428|800 Bells|On palm trees||All day|1|Southern Hemisphere|Bug|[1, 2]
Blue weevil beetle|https://vignette.wikia.nocookie.net/animalcrossing/images/f/f5/NH-Icon-blueweevilbeetle.png/revision/latest/scale-to-width-down/64?cb=20200401005428|800 Bells|On palm trees||All day|7|Northern Hemisphere|Bug|[7, 8]
Bluegill|https://vignette.wikia.nocookie.net/animalcrossing/images/6/69/NH-Icon-bluegill.png/revision/latest/scale-to-width-down/64?cb=20200401003129|180 Bells|River|Small|9am - 4pm|1|Northern Hemisphere|Fish|[1, 2, 3, 4, 5, 6, 7, 8, 9, 10, 11, 12]
Bluegill|https://vignette.wikia.nocookie.net/animalcrossing/images/6/69/NH-Icon-bluegill.png/revision/latest/scale-to-width-down/64?cb=20200401003129|180 Bells|River|Small|9am - 4pm|1|Southern Hemisphere|Fish|[1, 2, 3, 4, 5, 6, 7, 8, 9, 10, 11, 12]
Brown cicada|https://vignette.wikia.nocookie.net/animalcrossing/images/a/ab/NH-Icon-browncicada.png/revision/latest/scale-to-width-down/64?cb=20200401005428|250 Bells|On trees||8am - 5pm|1|Southern Hemisphere|Bug|[1, 2]
Brown cicada|https://vignette.wikia.nocookie.net/animalcrossing/images/a/ab/NH-Icon-browncicada.png/revision/latest/scale-to-width-down/64?cb=20200401005428|250 Bells|On trees||8am - 5pm|7|Northern Hemisphere|Bug|[7, 8]
Butterfly fish|https://vignette.wikia.nocookie.net/animalcrossing/images/8/8e/NH-Icon-butterflyfish.png/revision/latest/scale-to-width-down/64?cb=20200401003129|1,000 Bells|Sea|Small|All day|1|Southern Hemisphere|Fish|[1, 2, 3, 10, 11, 12]
Butterfly fish|https://vignette.wikia.nocookie.net/animalcrossing/images/8/8e/NH-Icon-butterflyfish.png/revision/latest/scale-to-width-down/64?cb=20200401003129|1,000 Bells|Sea|Small|All day|4|Northern Hemisphere|Fish|[4, 5, 6, 7, 8, 9]
Carp|https://vignette.wikia.nocookie.net/animalcrossing/images/2/2c/NH-Icon-carp.png/revision/latest/scale-to-width-down/64?cb=20200401003129|300 Bells|Pond|Medium-large|All day|1|Northern Hemisphere|Fish|[1, 2, 3, 4, 5, 6, 7, 8, 9, 10, 11, 12]
Carp|https://vignette.wikia.nocookie.net/animalcrossing/images/2/2c/NH-Icon-carp.png/revision/latest/scale-to-width-down/64?cb=20200401003129|300 Bells|Pond|Medium-large|All day|1|Southern Hemisphere|Fish|[1, 2, 3, 4, 5, 6, 7, 8, 9, 10, 11, 12]
Catfish|https://vignette.wikia.nocookie.net/animalcrossing/images/2/29/NH-Icon-catfish.png/revision/latest/scale-to-width-down/64?cb=20200401003129|800 Bells|Pond|Medium-large|4pm - 9am|1|Southern Hemisphere|Fish|[1, 2, 3, 4, 11, 12]
Catfish|https://vignette.wikia.nocookie.net/animalcrossing/images/2/29/NH-Icon-catfish.png/revision/latest/scale-to-width-down/64?cb=20200401003129|800 Bells|Pond|Medium-large|4pm - 9am|5|Northern Hemisphere|Fish|[5, 6, 7, 8, 9, 10]
Centipede|https://vignette.wikia.nocookie.net/animalcrossing/images/3/30/NH-Icon-centipede.png/revision/latest/scale-to-width-down/64?cb=20200401005429|300 Bells|Hitting rocks||4pm - 11pm|1|Northern Hemisphere|Bug|[1, 2, 3, 4, 5, 6, 9, 10, 11, 12]
Centipede|https://vignette.wikia.nocookie.net/animalcrossing/images/3/30/NH-Icon-centipede.png/revision/latest/scale-to-width-down/64?cb=20200401005429|300 Bells|Hitting rocks||4pm - 11pm|3|Southern Hemisphere|Bug|[3, 4, 5, 6, 7, 8, 9, 10, 11, 12]
Char|https://vignette.wikia.nocookie.net/animalcrossing/images/1/15/NH-Icon-char.png/revision/latest/scale-to-width-down/64?cb=20200401003129|3,800 Bells|River (Clifftop) Pond|Medium-small|4pm - 9am|3|Northern Hemisphere|Fish|[3, 4, 5, 6, 9, 10, 11]
Char|https://vignette.wikia.nocookie.net/animalcrossing/images/1/15/NH-Icon-char.png/revision/latest/scale-to-width-down/64?cb=20200401003129|3,800 Bells|River (Clifftop) Pond|Medium-small|4pm - 9am|3|Southern Hemisphere|Fish|[3, 4, 5, 9, 10, 11, 12]
Cherry salmon|https://vignette.wikia.nocookie.net/animalcrossing/images/5/5f/NH-Icon-cherrysalmon.png/revision/latest/scale-to-width-down/64?cb=20200401003129|1,000 Bells|River (Clifftop) Pond|Medium-small|4pm - 9am|3|Northern Hemisphere|Fish|[3, 4, 5, 6, 9, 10, 11]
Cherry salmon|https://vignette.wikia.nocookie.net/animalcrossing/images/5/5f/NH-Icon-cherrysalmon.png/revision/latest/scale-to-width-down/64?cb=20200401003129|1,000 Bells|River (Clifftop) Pond|Medium-small|4pm - 9am|3|Southern Hemisphere|Fish|[3, 4, 5, 9, 10, 11, 12]
Cicada shell|https://vignette.wikia.nocookie.net/animalcrossing/images/9/97/NH-Icon-cicadashell.png/revision/latest/scale-to-width-down/64?cb=20200401005428|10 Bells|On trees||All day|1|Southern Hemisphere|Bug|[1, 2]
Cicada shell|https://vignette.wikia.nocookie.net/animalcrossing/images/9/97/NH-Icon-cicadashell.png/revision/latest/scale-to-width-down/64?cb=20200401005428|10 Bells|On trees||All day|7|Northern Hemisphere|Bug|[7, 8]
Citrus long-horned beetle|https://vignette.wikia.nocookie.net/animalcrossing/images/8/8f/NH-Icon-citruslonghornedbeetle.png/revision/latest/scale-to-width-down/64?cb=20200401005428|350 Bells|On tree stumps||All day|1|Northern Hemisphere|Bug|[1, 2, 3, 4, 5, 6, 7, 8, 9, 10, 11, 12]
Citrus long-horned beetle|https://vignette.wikia.nocookie.net/animalcrossing/images/8/8f/NH-Icon-citruslonghornedbeetle.png/revision/latest/scale-to-width-down/64?cb=20200401005428|350 Bells|On tree stumps||All day|1|Southern Hemisphere|Bug|[1, 2, 3, 4, 5, 6, 7, 8, 9, 10, 11, 12]
Clown fish|https://vignette.wikia.nocookie.net/animalcrossing/images/2/2f/NH-Icon-clownfish.png/revision/latest/scale-to-width-down/64?cb=20200401003129|650 Bells|Sea|Tiny|All day|1|Southern Hemisphere|Fish|[1, 2, 3, 10, 11, 12]
Clown fish|https://vignette.wikia.nocookie.net/animalcrossing/images/2/2f/NH-Icon-clownfish.png/revision/latest/scale-to-width-down/64?cb=20200401003129|650 Bells|Sea|Tiny|All day|4|Northern Hemisphere|Fish|[4, 5, 6, 7, 8, 9]
Coelacanth|https://vignette.wikia.nocookie.net/animalcrossing/images/3/31/NH-Icon-coelacanth.png/revision/latest/scale-to-width-down/64?cb=20200401003129|15,000 Bells|Sea (Raining)|Huge|All day|1|Northern Hemisphere|Fish|[1, 2, 3, 4, 5, 6, 7, 8, 9, 10, 11, 12]
Coelacanth|https://vignette.wikia.nocookie.net/animalcrossing/images/3/31/NH-Icon-coelacanth.png/revision/latest/scale-to-width-down/64?cb=20200401003129|15,000 Bells|Sea (Raining)|Huge|All day|1|Southern Hemisphere|Fish|[1, 2, 3, 4, 5, 6, 7, 8, 9, 10, 11, 12]
Common bluebottle|https://vignette.wikia.nocookie.net/animalcrossing/images/5/5e/NH-Icon-commonbluebottle.png/revision/latest/scale-to-width-down/64?cb=20200401005428|300 Bells|Flying||4am - 7pm|1|Southern Hemisphere|Bug|[1, 2, 10, 11, 12]
Common bluebottle|https://vignette.wikia.nocookie.net/animalcrossing/images/5/5e/NH-Icon-commonbluebottle.png/revision/latest/scale-to-width-down/64?cb=20200401005428|300 Bells|Flying||4am - 7pm|4|Northern Hemisphere|Bug|[4, 5, 6, 7, 8]
Common butterfly|https://vignette.wikia.nocookie.net/animalcrossing/images/3/3a/NH-Icon-commonbutterfly.png/revision/latest/scale-to-width-down/64?cb=20200401005428|160 Bells|Flying||4am - 7pm|1|Northern Hemisphere|Bug|[1, 2, 3, 4, 5, 6, 9, 10, 11, 12]
Common butterfly|https://vignette.wikia.nocookie.net/animalcrossing/images/3/3a/NH-Icon-commonbutterfly.png/revision/latest/scale-to-width-down/64?cb=20200401005428|160 Bells|Flying||4am - 7pm|3|Southern Hemisphere|Bug|[3, 4, 5, 6, 7, 8, 9, 10, 11, 12]
Crawfish|https://vignette.wikia.nocookie.net/animalcrossing/images/c/cd/NH-Icon-crawfish.png/revision/latest/scale-to-width-down/64?cb=20200401003129|200 Bells|Pond|Small|All day|1|Southern Hemisphere|Fish|[1, 2, 3, 10, 11, 12]
Crawfish|https://vignette.wikia.nocookie.net/animalcrossing/images/c/cd/NH-Icon-crawfish.png/revision/latest/scale-to-width-down/64?cb=20200401003129|200 Bells|Pond|Small|All day|4|Northern Hemisphere|Fish|[4, 5, 6, 7, 8, 9]
Cricket|https://vignette.wikia.nocookie.net/animalcrossing/images/7/7a/NH-Icon-cricket.png/revision/latest/scale-to-width-down/64?cb=20200401005428|130 Bells|On the ground||5pm - 8am|3|Southern Hemisphere|Bug|[3, 4, 5]
Cricket|https://vignette.wikia.nocookie.net/animalcrossing/images/7/7a/NH-Icon-cricket.png/revision/latest/scale-to-width-down/64?cb=20200401005428|130 Bells|On the ground||5pm - 8am|9|Northern Hemisphere|Bug|[9, 10, 11]
Crucian carp|https://vignette.wikia.nocookie.net/animalcrossing/images/0/03/NH-Icon-cruciancarp.png/revision/latest/scale-to-width-down/64?cb=20200401003129|160 Bells|River|Small|All day|1|Northern Hemisphere|Fish|[1, 2, 3, 4, 5, 6, 7, 8, 9, 10, 11, 12]
Crucian carp|https://vignette.wikia.nocookie.net/animalcrossing/images/0/03/NH-Icon-cruciancarp.png/revision/latest/scale-to-width-down/64?cb=20200401003129|160 Bells|River|Small|All day|1|Southern Hemisphere|Fish|[1, 2, 3, 4, 5, 6, 7, 8, 9, 10, 11, 12]
Cyclommatus stag|https://vignette.wikia.nocookie.net/animalcrossing/images/1/17/NH-Icon-cyclommatusstag.png/revision/latest/scale-to-width-down/64?cb=20200401005428|8,000 Bells|On palm trees||5pm - 8am|1|Southern Hemisphere|Bug|[1, 2]
Cyclommatus stag|https://vignette.wikia.nocookie.net/animalcrossing/images/1/17/NH-Icon-cyclommatusstag.png/revision/latest/scale-to-width-down/64?cb=20200401005428|8,000 Bells|On palm trees||5pm - 8am|7|Northern Hemisphere|Bug|[7, 8]
Dab|https://vignette.wikia.nocookie.net/animalcrossing/images/c/c6/NH-Icon-dab.png/revision/latest/scale-to-width-down/64?cb=20200401003129|300 Bells|Sea|Medium-small|All day|1|Northern Hemisphere|Fish|[1, 2, 3, 4, 10, 11, 12]
Dab|https://vignette.wikia.nocookie.net/animalcrossing/images/c/c6/NH-Icon-dab.png/revision/latest/scale-to-width-down/64?cb=20200401003129|300 Bells|Sea|Medium-small|All day|4|Southern Hemisphere|Fish|[4, 5, 6, 7, 8, 9, 10]
Dace|https://vignette.wikia.nocookie.net/animalcrossing/images/2/22/NH-Icon-dace.png/revision/latest/scale-to-width-down/64?cb=20200401003129|240 Bells|River|Medium-small|4pm - 9am|1|Northern Hemisphere|Fish|[1, 2, 3, 4, 5, 6, 7, 8, 9, 10, 11, 12]
Dace|https://vignette.wikia.nocookie.net/animalcrossing/images/2/22/NH-Icon-dace.png/revision/latest/scale-to-width-down/64?cb=20200401003129|240 Bells|River|Medium-small|4pm - 9am|1|Southern Hemisphere|Fish|[1, 2, 3, 4, 5, 6, 7, 8, 9, 10, 11, 12]
Damselfly|https://vignette.wikia.nocookie.net/animalcrossing/images/1/16/NH-Icon-damselfly.png/revision/latest/scale-to-width-down/64?cb=20200401005428|500 Bells|Flying||All day|1|Northern Hemisphere|Bug|[1, 2, 11, 12]
Damselfly|https://vignette.wikia.nocookie.net/animalcrossing/images/1/16/NH-Icon-damselfly.png/revision/latest/scale-to-width-down/64?cb=20200401005428|500 Bells|Flying||All day|5|Southern Hemisphere|Bug|[5, 6, 7, 8]
Darner dragonfly|https://vignette.wikia.nocookie.net/animalcrossing/images/7/70/NH-Icon-darnerdragonfly.png/revision/latest/scale-to-width-down/64?cb=20200401005428|230 Bells|Flying||8am - 5pm|1|Southern Hemisphere|Bug|[1, 2, 3, 4, 10, 11, 12]
Darner dragonfly|https://vignette.wikia.nocookie.net/animalcrossing/images/7/70/NH-Icon-darnerdragonfly.png/revision/latest/scale-to-width-down/64?cb=20200401005428|230 Bells|Flying||8am - 5pm|4|Northern Hemisphere|Bug|[4, 5, 6, 7, 8, 9, 10]
Diving beetle|https://vignette.wikia.nocookie.net/animalcrossing/images/c/c5/NH-Icon-divingbeetle.png/revision/latest/scale-to-width-down/64?cb=20200401005428|800 Bells|On fresh water||8am - 7pm|1|Southern Hemisphere|Bug|[1, 2, 3, 11, 12]
Diving beetle|https://vignette.wikia.nocookie.net/animalcrossing/images/c/c5/NH-Icon-divingbeetle.png/revision/latest/scale-to-width-down/64?cb=20200401005428|800 Bells|On fresh water||8am - 7pm|5|Northern Hemisphere|Bug|[5, 6, 7, 8, 9]
Dorado|https://vignette.wikia.nocookie.net/animalcrossing/images/d/df/NH-Icon-dorado.png/revision/latest/scale-to-width-down/64?cb=20200401003129|15,000 Bells|River|Large|4am - 9pm|1|Southern Hemisphere|Fish|[1, 2, 3, 12]
Dorado|https://vignette.wikia.nocookie.net/animalcrossing/images/d/df/NH-Icon-dorado.png/revision/latest/scale-to-width-down/64?cb=20200401003129|15,000 Bells|River|Large|4am - 9pm|6|Northern Hemisphere|Fish|[6, 7, 8, 9]
Drone beetle|https://vignette.wikia.nocookie.net/animalcrossing/images/9/99/NH-Icon-dronebeetle.png/revision/latest/scale-to-width-down/64?cb=20200401005428|200 Bells|On trees||All day|1|Southern Hemisphere|Bug|[1, 2, 12]
Drone beetle|https://vignette.wikia.nocookie.net/animalcrossing/images/9/99/NH-Icon-dronebeetle.png/revision/latest/scale-to-width-down/64?cb=20200401005428|200 Bells|On trees||All day|6|Northern Hemisphere|Bug|[6, 7, 8]
Dung beetle|https://vignette.wikia.nocookie.net/animalcrossing/images/c/c0/NH-Icon-dungbeetle.png/revision/latest/scale-to-width-down/64?cb=20200401005431|3,000 Bells|Rolling snowballs along the ground||All day|1|Northern Hemisphere|Bug|[1, 2, 12]
Dung beetle|https://vignette.wikia.nocookie.net/animalcrossing/images/c/c0/NH-Icon-dungbeetle.png/revision/latest/scale-to-width-down/64?cb=20200401005431|3,000 Bells|Rolling snowballs along the ground||All day|6|Southern Hemisphere|Bug|[6, 7, 8]
Earth-boring dung beetle|https://vignette.wikia.nocookie.net/animalcrossing/images/0/0c/NH-Icon-earthboringdungbeetle.png/revision/latest/scale-to-width-down/64?cb=20200401005428|300 Bells|On the ground||All day|1|Southern Hemisphere|Bug|[1, 2, 3]
Earth-boring dung beetle|https://vignette.wikia.nocookie.net/animalcrossing/images/0/0c/NH-Icon-earthboringdungbeetle.png/revision/latest/scale-to-width-down/64?cb=20200401005428|300 Bells|On the ground||All day|7|Northern Hemisphere|Bug|[7, 8, 9]
Emperor butterfly|https://vignette.wikia.nocookie.net/animalcrossing/images/5/5e/NH-Icon-emperorbutterfly.png/revision/latest/scale-to-width-down/64?cb=20200401005428|4,000 Bells|Flying||5pm - 8am|1|Northern Hemisphere|Bug|[1, 2, 3, 6, 7, 8, 9, 12]
Emperor butterfly|https://vignette.wikia.nocookie.net/animalcrossing/images/5/5e/NH-Icon-emperorbutterfly.png/revision/latest/scale-to-width-down/64?cb=20200401005428|4,000 Bells|Flying||5pm - 8am|1|Southern Hemisphere|Bug|[1, 2, 3, 6, 7, 8, 9, 12]
Evening cicada|https://vignette.wikia.nocookie.net/animalcrossing/images/1/16/NH-Icon-eveningcicada.png/revision/latest/scale-to-width-down/64?cb=20200401005428|550 Bells|On trees||4am - 8am & 4pm - 7pm|1|Southern Hemisphere|Bug|[1, 2]
Evening cicada|https://vignette.wikia.nocookie.net/animalcrossing/images/1/16/NH-Icon-eveningcicada.png/revision/latest/scale-to-width-down/64?cb=20200401005428|550 Bells|On trees||4am - 8am & 4pm - 7pm|7|Northern Hemisphere|Bug|[7, 8]
Firefly|https://vignette.wikia.nocookie.net/animalcrossing/images/a/ae/NH-Icon-firefly.png/revision/latest/scale-to-width-down/64?cb=20200401005428|300 Bells|Flying||7pm - 4am|6|Northern Hemisphere|Bug|[6]
Firefly|https://vignette.wikia.nocookie.net/animalcrossing/images/a/ae/NH-Icon-firefly.png/revision/latest/scale-to-width-down/64?cb=20200401005428|300 Bells|Flying||7pm - 4am|12|Southern Hemisphere|Bug|[12]
Flea|https://vignette.wikia.nocookie.net/animalcrossing/images/9/92/NH-Icon-flea.png/revision/latest/scale-to-width-down/64?cb=20200401005428|70 Bells|On villagers||All day|1|Southern Hemisphere|Bug|[1, 2, 3, 4, 5, 10, 11, 12]
Flea|https://vignette.wikia.nocookie.net/animalcrossing/images/9/92/NH-Icon-flea.png/revision/latest/scale-to-width-down/64?cb=20200401005428|70 Bells|On villagers||All day|4|Northern Hemisphere|Bug|[4, 5, 6, 7, 8, 9, 10, 11]
Fly|https://vignette.wikia.nocookie.net/animalcrossing/images/4/4f/NH-Icon-fly.png/revision/latest/scale-to-width-down/64?cb=20200401005428|60 Bells|On trash||All day|1|Northern Hemisphere|Bug|[1, 2, 3, 4, 5, 6, 7, 8, 9, 10, 11, 12]
Fly|https://vignette.wikia.nocookie.net/animalcrossing/images/4/4f/NH-Icon-fly.png/revision/latest/scale-to-width-down/64?cb=20200401005428|60 Bells|On trash||All day|1|Southern Hemisphere|Bug|[1, 2, 3, 4, 5, 6, 7, 8, 9, 10, 11, 12]
Football fish|https://vignette.wikia.nocookie.net/animalcrossing/images/a/a5/NH-Icon-footballfish.png/revision/latest/scale-to-width-down/64?cb=20200401003129|2,500 Bells|Sea|Medium-large|4pm - 9am|1|Northern Hemisphere|Fish|[1, 2, 3, 11, 12]
Football fish|https://vignette.wikia.nocookie.net/animalcrossing/images/a/a5/NH-Icon-footballfish.png/revision/latest/scale-to-width-down/64?cb=20200401003129|2,500 Bells|Sea|Medium-large|4pm - 9am|5|Southern Hemisphere|Fish|[5, 6, 7, 8, 9]
Freshwater goby|https://vignette.wikia.nocookie.net/animalcrossing/images/e/ee/NH-Icon-freshwatergoby.png/revision/latest/scale-to-width-down/64?cb=20200401003129|400 Bells|River|Small|4pm - 9am|1|Northern Hemisphere|Fish|[1, 2, 3, 4, 5, 6, 7, 8, 9, 10, 11, 12]
Freshwater goby|https://vignette.wikia.nocookie.net/animalcrossing/images/e/ee/NH-Icon-freshwatergoby.png/revision/latest/scale-to-width-down/64?cb=20200401003129|400 Bells|River|Small|4pm - 9am|1|Southern Hemisphere|Fish|[1, 2, 3, 4, 5, 6, 7, 8, 9, 10, 11, 12]
Frog|https://vignette.wikia.nocookie.net/animalcrossing/images/6/6b/NH-Icon-frog.png/revision/latest/scale-to-width-down/64?cb=20200401003129|120 Bells|Pond|Small|All day|1|Southern Hemisphere|Fish|[1, 2, 11, 12]
Frog|https://vignette.wikia.nocookie.net/animalcrossing/images/6/6b/NH-Icon-frog.png/revision/latest/scale-to-width-down/64?cb=20200401003129|120 Bells|Pond|Small|All day|5|Northern Hemisphere|Fish|[5, 6, 7, 8]
Gar|https://vignette.wikia.nocookie.net/animalcrossing/images/9/9f/NH-Icon-gar.png/revision/latest/scale-to-width-down/64?cb=20200401003129|6,000 Bells|Pond|Huge|4pm - 9am|1|Southern Hemisphere|Fish|[1, 2, 3, 12]
Gar|https://vignette.wikia.nocookie.net/animalcrossing/images/9/9f/NH-Icon-gar.png/revision/latest/scale-to-width-down/64?cb=20200401003129|6,000 Bells|Pond|Huge|4pm - 9am|6|Northern Hemisphere|Fish|[6, 7, 8, 9]
Giant cicada|https://vignette.wikia.nocookie.net/animalcrossing/images/5/58/NH-Icon-giantcicada.png/revision/latest/scale-to-width-down/64?cb=20200401005428|500 Bells|On trees||8am - 5pm|1|Southern Hemisphere|Bug|[1, 2]
Giant cicada|https://vignette.wikia.nocookie.net/animalcrossing/images/5/58/NH-Icon-giantcicada.png/revision/latest/scale-to-width-down/64?cb=20200401005428|500 Bells|On trees||8am - 5pm|7|Northern Hemisphere|Bug|[7, 8]
Giant snakehead|https://vignette.wikia.nocookie.net/animalcrossing/images/0/0c/NH-Icon-giantsnakehead.png/revision/latest/scale-to-width-down/64?cb=20200401003129|5,500 Bells|Pond|Large|9am - 4pm|1|Southern Hemisphere|Fish|[1, 2, 12]
Giant snakehead|https://vignette.wikia.nocookie.net/animalcrossing/images/0/0c/NH-Icon-giantsnakehead.png/revision/latest/scale-to-width-down/64?cb=20200401003129|5,500 Bells|Pond|Large|9am - 4pm|6|Northern Hemisphere|Fish|[6, 7, 8]
Giant stag|https://vignette.wikia.nocookie.net/animalcrossing/images/2/25/NH-Icon-giantstag.png/revision/latest/scale-to-width-down/64?cb=20200401005428|10,000 Bells|On trees||11pm - 8am|1|Southern Hemisphere|Bug|[1, 2]
Giant stag|https://vignette.wikia.nocookie.net/animalcrossing/images/2/25/NH-Icon-giantstag.png/revision/latest/scale-to-width-down/64?cb=20200401005428|10,000 Bells|On trees||11pm - 8am|7|Northern Hemisphere|Bug|[7, 8]
Giant trevally|https://vignette.wikia.nocookie.net/animalcrossing/images/7/7b/NH-Icon-gianttrevally.png/revision/latest/scale-to-width-down/64?cb=20200401003129|4,500 Bells|Pier|Large|All day|1|Southern Hemisphere|Fish|[1, 2, 3, 4, 11, 12]
Giant trevally|https://vignette.wikia.nocookie.net/animalcrossing/images/7/7b/NH-Icon-gianttrevally.png/revision/latest/scale-to-width-down/64?cb=20200401003129|4,500 Bells|Pier|Large|All day|5|Northern Hemisphere|Fish|[5, 6, 7, 8, 9, 10]
Giant water bug|https://vignette.wikia.nocookie.net/animalcrossing/images/5/55/NH-Icon-giantwaterbug.png/revision/latest/scale-to-width-down/64?cb=20200401005428|2,000 Bells|On fresh water||7pm - 8am|1|Southern Hemisphere|Bug|[1, 2, 3, 10, 11, 12]
Giant water bug|https://vignette.wikia.nocookie.net/animalcrossing/images/5/55/NH-Icon-giantwaterbug.png/revision/latest/scale-to-width-down/64?cb=20200401005428|2,000 Bells|On fresh water||7pm - 8am|4|Northern Hemisphere|Bug|[4, 5, 6, 7, 8, 9]
Giraffe stag|https://vignette.wikia.nocookie.net/animalcrossing/images/7/7c/NH-Icon-giraffestag.png/revision/latest/scale-to-width-down/64?cb=20200401005428|12,000 Bells|On palm trees||5pm - 8am|1|Southern Hemisphere|Bug|[1, 2]
Giraffe stag|https://vignette.wikia.nocookie.net/animalcrossing/images/7/7c/NH-Icon-giraffestag.png/revision/latest/scale-to-width-down/64?cb=20200401005428|12,000 Bells|On palm trees||5pm - 8am|7|Northern Hemisphere|Bug|[7, 8]
Golden stag|https://vignette.wikia.nocookie.net/animalcrossing/images/8/82/NH-Icon-goldenstag.png/revision/latest/scale-to-width-down/64?cb=20200401005428|12,000 Bells|On palm trees||5pm - 8am|1|Southern Hemisphere|Bug|[1, 2]
Golden stag|https://vignette.wikia.nocookie.net/animalcrossing/images/8/82/NH-Icon-goldenstag.png/revision/latest/scale-to-width-down/64?cb=20200401005428|12,000 Bells|On palm trees||5pm - 8am|7|Northern Hemisphere|Bug|[7, 8]
Golden trout|https://vignette.wikia.nocookie.net/animalcrossing/images/5/5c/NH-Icon-goldentrout.png/revision/latest/scale-to-width-down/64?cb=20200401003129|15,000 Bells|River (Clifftop)|Medium-small|4pm - 9am|3|Northern Hemisphere|Fish|[3, 4, 5, 9, 10, 11]
Golden trout|https://vignette.wikia.nocookie.net/animalcrossing/images/5/5c/NH-Icon-goldentrout.png/revision/latest/scale-to-width-down/64?cb=20200401003129|15,000 Bells|River (Clifftop)|Medium-small|4pm - 9am|3|Southern Hemisphere|Fish|[3, 4, 5, 9, 10, 11]
Goldfish|https://vignette.wikia.nocookie.net/animalcrossing/images/e/ed/NH-Icon-goldfish.png/revision/latest/scale-to-width-down/64?cb=20200401003129|1,300 Bells|Pond|Tiny|All day|1|Northern Hemisphere|Fish|[1, 2, 3, 4, 5, 6, 7, 8, 9, 10, 11, 12]
Goldfish|https://vignette.wikia.nocookie.net/animalcrossing/images/e/ed/NH-Icon-goldfish.png/revision/latest/scale-to-width-down/64?cb=20200401003129|1,300 Bells|Pond|Tiny|All day|1|Southern Hemisphere|Fish|[1, 2, 3, 4, 5, 6, 7, 8, 9, 10, 11, 12]
Goliath beetle|https://vignette.wikia.nocookie.net/animalcrossing/images/5/5b/NH-Icon-goliathbeetle.png/revision/latest/scale-to-width-down/64?cb=20200401005428|8,000 Bells|On palm trees||5pm - 8am|1|Southern Hemisphere|Bug|[1, 2, 3, 12]
Goliath beetle|https://vignette.wikia.nocookie.net/animalcrossing/images/5/5b/NH-Icon-goliathbeetle.png/revision/latest/scale-to-width-down/64?cb=20200401005428|8,000 Bells|On palm trees||5pm - 8am|6|Northern Hemisphere|Bug|[6, 7, 8, 9]
Grasshopper|https://vignette.wikia.nocookie.net/animalcrossing/images/5/56/NH-Icon-grasshopper.png/revision/latest/scale-to-width-down/64?cb=20200401005428|160 Bells|On the ground||8am - 5pm|1|Southern Hemisphere|Bug|[1, 2, 3]
Grasshopper|https://vignette.wikia.nocookie.net/animalcrossing/images/5/56/NH-Icon-grasshopper.png/revision/latest/scale-to-width-down/64?cb=20200401005428|160 Bells|On the ground||8am - 5pm|7|Northern Hemisphere|Bug|[7, 8, 9]
Great purple emperor|https://vignette.wikia.nocookie.net/animalcrossing/images/2/27/NH-Icon-greatpurpleemperor.png/revision/latest/scale-to-width-down/64?cb=20200401005428|3,000 Bells|Flying||4am - 7pm|1|Southern Hemisphere|Bug|[1, 2, 11, 12]
Great purple emperor|https://vignette.wikia.nocookie.net/animalcrossing/images/2/27/NH-Icon-greatpurpleemperor.png/revision/latest/scale-to-width-down/64?cb=20200401005428|3,000 Bells|Flying||4am - 7pm|5|Northern Hemisphere|Bug|[5, 6, 7, 8]
Great white shark|https://vignette.wikia.nocookie.net/animalcrossing/images/3/38/NH-Icon-greatwhiteshark.png/revision/latest/scale-to-width-down/64?cb=20200401003129|15,000 Bells|Sea|Huge with fin|4pm - 9am|1|Southern Hemisphere|Fish|[1, 2, 3, 12]
Great white shark|https://vignette.wikia.nocookie.net/animalcrossing/images/3/38/NH-Icon-greatwhiteshark.png/revision/latest/scale-to-width-down/64?cb=20200401003129|15,000 Bells|Sea|Huge with fin|4pm - 9am|6|Northern Hemisphere|Fish|[6, 7, 8, 9]
Guppy|https://vignette.wikia.nocookie.net/animalcrossing/images/6/63/NH-Icon-guppy.png/revision/latest/scale-to-width-down/64?cb=20200401003129|1,300 Bells|River|Tiny|9am - 4pm|1|Southern Hemisphere|Fish|[1, 2, 3, 4, 5, 10, 11, 12]
Guppy|https://vignette.wikia.nocookie.net/animalcrossing/images/6/63/NH-Icon-guppy.png/revision/latest/scale-to-width-down/64?cb=20200401003129|1,300 Bells|River|Tiny|9am - 4pm|4|Northern Hemisphere|Fish|[4, 5, 6, 7, 8, 9, 10, 11]
Hammerhead shark|https://vignette.wikia.nocookie.net/animalcrossing/images/2/25/NH-Icon-hammerheadshark.png/revision/latest/scale-to-width-down/64?cb=20200401003129|8,000 Bells|Sea|Huge with fin|4pm - 9am|1|Southern Hemisphere|Fish|[1, 2, 3, 12]
Hammerhead shark|https://vignette.wikia.nocookie.net/animalcrossing/images/2/25/NH-Icon-hammerheadshark.png/revision/latest/scale-to-width-down/64?cb=20200401003129|8,000 Bells|Sea|Huge with fin|4pm - 9am|6|Northern Hemisphere|Fish|[6, 7, 8, 9]
Hermit crab|https://vignette.wikia.nocookie.net/animalcrossing/images/7/7f/NH-Icon-hermitcrab.png/revision/latest/scale-to-width-down/64?cb=20200401005430|1,000 Bells|Disguised as shells||7pm - 8am|1|Northern Hemisphere|Bug|[1, 2, 3, 4, 5, 6, 7, 8, 9, 10, 11, 12]
Hermit crab|https://vignette.wikia.nocookie.net/animalcrossing/images/7/7f/NH-Icon-hermitcrab.png/revision/latest/scale-to-width-down/64?cb=20200401005430|1,000 Bells|Disguised as shells||7pm - 8am|1|Southern Hemisphere|Bug|[1, 2, 3, 4, 5, 6, 7, 8, 9, 10, 11, 12]
Honeybee|https://vignette.wikia.nocookie.net/animalcrossing/images/2/26/NH-Icon-honeybee.png/revision/latest/scale-to-width-down/64?cb=20200401005428|200 Bells|Flying||8am - 5pm|1|Southern Hemisphere|Bug|[1, 9, 10, 11, 12]
Honeybee|https://vignette.wikia.nocookie.net/animalcrossing/images/2/26/NH-Icon-honeybee.png/revision/latest/scale-to-width-down/64?cb=20200401005428|200 Bells|Flying||8am - 5pm|3|Northern Hemisphere|Bug|[3, 4, 5, 6, 7]
Horned atlas|https://vignette.wikia.nocookie.net/animalcrossing/images/1/12/NH-Icon-hornedatlas.png/revision/latest/scale-to-width-down/64?cb=20200401005428|8,000 Bells|On palm trees||5pm - 8am|1|Southern Hemisphere|Bug|[1, 2]
Horned atlas|https://vignette.wikia.nocookie.net/animalcrossing/images/1/12/NH-Icon-hornedatlas.png/revision/latest/scale-to-width-down/64?cb=20200401005428|8,000 Bells|On palm trees||5pm - 8am|7|Northern Hemisphere|Bug|[7, 8]
Horned dynastid|https://vignette.wikia.nocookie.net/animalcrossing/images/e/ef/NH-Icon-horneddynastid.png/revision/latest/scale-to-width-down/64?cb=20200401005428|1,350 Bells|On palm trees||5pm - 8am|1|Southern Hemisphere|Bug|[1, 2]
Horned dynastid|https://vignette.wikia.nocookie.net/animalcrossing/images/e/ef/NH-Icon-horneddynastid.png/revision/latest/scale-to-width-down/64?cb=20200401005428|1,350 Bells|On palm trees||5pm - 8am|7|Northern Hemisphere|Bug|[7, 8]
Horned elephant|https://vignette.wikia.nocookie.net/animalcrossing/images/4/4f/NH-Icon-hornedelephant.png/revision/latest/scale-to-width-down/64?cb=20200401005429|8,000 Bells|On palm trees||5pm - 8am|1|Southern Hemisphere|Bug|[1, 2]
Horned elephant|https://vignette.wikia.nocookie.net/animalcrossing/images/4/4f/NH-Icon-hornedelephant.png/revision/latest/scale-to-width-down/64?cb=20200401005429|8,000 Bells|On palm trees||5pm - 8am|7|Northern Hemisphere|Bug|[7, 8]
Horned hercules|https://vignette.wikia.nocookie.net/animalcrossing/images/c/c2/NH-Icon-hornedhercules.png/revision/latest/scale-to-width-down/64?cb=20200401005428|12,000 Bells|On palm trees||5pm - 8am|1|Southern Hemisphere|Bug|[1, 2]
Horned hercules|https://vignette.wikia.nocookie.net/animalcrossing/images/c/c2/NH-Icon-hornedhercules.png/revision/latest/scale-to-width-down/64?cb=20200401005428|12,000 Bells|On palm trees||5pm - 8am|7|Northern Hemisphere|Bug|[7, 8]
Horse mackerel|https://vignette.wikia.nocookie.net/animalcrossing/images/d/d5/NH-Icon-horsemackerel.png/revision/latest/scale-to-width-down/64?cb=20200401003129|150 Bells|Sea|Small|All day|1|Northern Hemisphere|Fish|[1, 2, 3, 4, 5, 6, 7, 8, 9, 10, 11, 12]
Horse mackerel|https://vignette.wikia.nocookie.net/animalcrossing/images/d/d5/NH-Icon-horsemackerel.png/revision/latest/scale-to-width-down/64?cb=20200401003129|150 Bells|Sea|Small|All day|1|Southern Hemisphere|Fish|[1, 2, 3, 4, 5, 6, 7, 8, 9, 10, 11, 12]
Jewel beetle|https://vignette.wikia.nocookie.net/animalcrossing/images/8/82/NH-Icon-jewelbeetle.png/revision/latest/scale-to-width-down/64?cb=20200401005428|2,400 Bells|On tree stumps||All day|1|Southern Hemisphere|Bug|[1, 2, 10, 11, 12]
Jewel beetle|https://vignette.wikia.nocookie.net/animalcrossing/images/8/82/NH-Icon-jewelbeetle.png/revision/latest/scale-to-width-down/64?cb=20200401005428|2,400 Bells|On tree stumps||All day|4|Northern Hemisphere|Bug|[4, 5, 6, 7, 8]
Killifish|https://vignette.wikia.nocookie.net/animalcrossing/images/c/c3/NH-Icon-killifish.png/revision/latest/scale-to-width-down/64?cb=20200401003129|300 Bells|Pond|Tiny|All day|1|Southern Hemisphere|Fish|[1, 2, 10, 11, 12]
Killifish|https://vignette.wikia.nocookie.net/animalcrossing/images/c/c3/NH-Icon-killifish.png/revision/latest/scale-to-width-down/64?cb=20200401003129|300 Bells|Pond|Tiny|All day|4|Northern Hemisphere|Fish|[4, 5, 6, 7, 8]
King salmon|https://vignette.wikia.nocookie.net/animalcrossing/images/f/fd/NH-Icon-kingsalmon.png/revision/latest/scale-to-width-down/64?cb=20200401003129|1,800 Bells|River (Mouth)|Huge|All day|3|Southern Hemisphere|Fish|[3]
King salmon|https://vignette.wikia.nocookie.net/animalcrossing/images/f/fd/NH-Icon-kingsalmon.png/revision/latest/scale-to-width-down/64?cb=20200401003129|1,800 Bells|River (Mouth)|Huge|All day|9|Northern Hemisphere|Fish|[9]
Koi|https://vignette.wikia.nocookie.net/animalcrossing/images/7/74/NH-Icon-koi.png/revision/latest/scale-to-width-down/64?cb=20200401003129|4,000 Bells|Pond|Medium-large|4pm - 9am|1|Northern Hemisphere|Fish|[1, 2, 3, 4, 5, 6, 7, 8, 9, 10, 11, 12]
Koi|https://vignette.wikia.nocookie.net/animalcrossing/images/7/74/NH-Icon-koi.png/revision/latest/scale-to-width-down/64?cb=20200401003129|4,000 Bells|Pond|Medium-large|4pm - 9am|1|Southern Hemisphere|Fish|[1, 2, 3, 4, 5, 6, 7, 8, 9, 10, 11, 12]
Ladybug|https://vignette.wikia.nocookie.net/animalcrossing/images/1/18/NH-Icon-ladybug.png/revision/latest/scale-to-width-down/64?cb=20200401005428|200 Bells|On flowers||8am - 5pm|3|Northern Hemisphere|Bug|[3, 4, 5, 6, 10]
Ladybug|https://vignette.wikia.nocookie.net/animalcrossing/images/1/18/NH-Icon-ladybug.png/revision/latest/scale-to-width-down/64?cb=20200401005428|200 Bells|On flowers||8am - 5pm|4|Southern Hemisphere|Bug|[4, 9, 10, 11, 12]
Loach|https://vignette.wikia.nocookie.net/animalcrossing/images/7/77/NH-Icon-loach.png/revision/latest/scale-to-width-down/64?cb=20200401003129|400 Bells|River|Small|All day|3|Northern Hemisphere|Fish|[3, 4, 5]
Loach|https://vignette.wikia.nocookie.net/animalcrossing/images/7/77/NH-Icon-loach.png/revision/latest/scale-to-width-down/64?cb=20200401003129|400 Bells|River|Small|All day|9|Southern Hemisphere|Fish|[9, 10, 11]
Long locust|https://vignette.wikia.nocookie.net/animalcrossing/images/e/ef/NH-Icon-longlocust.png/revision/latest/scale-to-width-down/64?cb=20200401005429|200 Bells|On the ground||8am - 7pm|1|Southern Hemisphere|Bug|[1, 2, 3, 4, 5, 10, 11, 12]
Long locust|https://vignette.wikia.nocookie.net/animalcrossing/images/e/ef/NH-Icon-longlocust.png/revision/latest/scale-to-width-down/64?cb=20200401005429|200 Bells|On the ground||8am - 7pm|4|Northern Hemisphere|Bug|[4, 5, 6, 7, 8, 9, 10, 11]
Madagascan sunset moth|https://vignette.wikia.nocookie.net/animalcrossing/images/7/7d/NH-Icon-madagascansunsetmoth.png/revision/latest/scale-to-width-down/64?cb=20200401005429|2,500 Bells|Flying||8am - 4pm|1|Southern Hemisphere|Bug|[1, 2, 3, 10, 11, 12]
Madagascan sunset moth|https://vignette.wikia.nocookie.net/animalcrossing/images/7/7d/NH-Icon-madagascansunsetmoth.png/revision/latest/scale-to-width-down/64?cb=20200401005429|2,500 Bells|Flying||8am - 4pm|4|Northern Hemisphere|Bug|[4, 5, 6, 7, 8, 9]
Mahi-mahi|https://vignette.wikia.nocookie.net/animalcrossing/images/8/82/NH-Icon-mahimahi.png/revision/latest/scale-to-width-down/64?cb=20200401003129|6,000 Bells|Pier|Large|All day|1|Southern Hemisphere|Fish|[1, 2, 3, 4, 11, 12]
Mahi-mahi|https://vignette.wikia.nocookie.net/animalcrossing/images/8/82/NH-Icon-mahimahi.png/revision/latest/scale-to-width-down/64?cb=20200401003129|6,000 Bells|Pier|Large|All day|5|Northern Hemisphere|Fish|[5, 6, 7, 8, 9, 10]
Man-faced stink bug|https://vignette.wikia.nocookie.net/animalcrossing/images/c/c7/NH-Icon-manfacedstinkbug.png/revision/latest/scale-to-width-down/64?cb=20200401005429|1,000 Bells|On flowers||7pm - 8am|1|Southern Hemisphere|Bug|[1, 2, 3, 4, 9, 10, 11, 12]
Man-faced stink bug|https://vignette.wikia.nocookie.net/animalcrossing/images/c/c7/NH-Icon-manfacedstinkbug.png/revision/latest/scale-to-width-down/64?cb=20200401005429|1,000 Bells|On flowers||7pm - 8am|3|Northern Hemisphere|Bug|[3, 4, 5, 6, 7, 8, 9, 10]
Mantis|https://vignette.wikia.nocookie.net/animalcrossing/images/0/00/NH-Icon-mantis.png/revision/latest/scale-to-width-down/64?cb=20200401005429|430 Bells|On flowers||8am - 5pm|1|Southern Hemisphere|Bug|[1, 2, 3, 4, 5, 9, 10, 11, 12]
Mantis|https://vignette.wikia.nocookie.net/animalcrossing/images/0/00/NH-Icon-mantis.png/revision/latest/scale-to-width-down/64?cb=20200401005429|430 Bells|On flowers||8am - 5pm|3|Northern Hemisphere|Bug|[3, 4, 5, 6, 7, 8, 9, 10, 11]
Migratory locust|https://vignette.wikia.nocookie.net/animalcrossing/images/e/e4/NH-Icon-migratorylocust.png/revision/latest/scale-to-width-down/64?cb=20200401005429|600 Bells|On the ground||8am - 7pm|2|Southern Hemisphere|Bug|[2, 3, 4, 5]
Migratory locust|https://vignette.wikia.nocookie.net/animalcrossing/images/e/e4/NH-Icon-migratorylocust.png/revision/latest/scale-to-width-down/64?cb=20200401005429|600 Bells|On the ground||8am - 7pm|8|Northern Hemisphere|Bug|[8, 9, 10, 11]
Mitten crab|https://vignette.wikia.nocookie.net/animalcrossing/images/e/e3/NH-Icon-mittencrab.png/revision/latest/scale-to-width-down/64?cb=20200401003129|2,000 Bells|River|Small|4pm - 9am|3|Southern Hemisphere|Fish|[3, 4, 5]
Mitten crab|https://vignette.wikia.nocookie.net/animalcrossing/images/e/e3/NH-Icon-mittencrab.png/revision/latest/scale-to-width-down/64?cb=20200401003129|2,000 Bells|River|Small|4pm - 9am|9|Northern Hemisphere|Fish|[9, 10, 11]
Miyama stag|https://vignette.wikia.nocookie.net/animalcrossing/images/1/1b/NH-Icon-miyamastag.png/revision/latest/scale-to-width-down/64?cb=20200401005429|1,000 Bells|On trees||All day|1|Southern Hemisphere|Bug|[1, 2]
Miyama stag|https://vignette.wikia.nocookie.net/animalcrossing/images/1/1b/NH-Icon-miyamastag.png/revision/latest/scale-to-width-down/64?cb=20200401005429|1,000 Bells|On trees||All day|7|Northern Hemisphere|Bug|[7, 8]
Mole cricket|https://vignette.wikia.nocookie.net/animalcrossing/images/0/00/NH-Icon-molecricket.png/revision/latest/scale-to-width-down/64?cb=20200401005429|500 Bells|Underground||All day|1|Northern Hemisphere|Bug|[1, 2, 3, 4, 5, 11, 12]
Mole cricket|https://vignette.wikia.nocookie.net/animalcrossing/images/0/00/NH-Icon-molecricket.png/revision/latest/scale-to-width-down/64?cb=20200401005429|500 Bells|Underground||All day|5|Southern Hemisphere|Bug|[5, 6, 7, 8, 9, 10, 11]
Monarch butterfly|https://vignette.wikia.nocookie.net/animalcrossing/images/9/99/NH-Icon-monarchbutterfly.png/revision/latest/scale-to-width-down/64?cb=20200401005429|140 Bells|Flying||4am - 5pm|3|Southern Hemisphere|Bug|[3, 4, 5]
Monarch butterfly|https://vignette.wikia.nocookie.net/animalcrossing/images/9/99/NH-Icon-monarchbutterfly.png/revision/latest/scale-to-width-down/64?cb=20200401005429|140 Bells|Flying||4am - 5pm|9|Northern Hemisphere|Bug|[9, 10, 11]
Moray eel|https://vignette.wikia.nocookie.net/animalcrossing/images/e/e5/NH-Icon-morayeel.png/revision/latest/scale-to-width-down/64?cb=20200401003130|2,000 Bells|Sea|Thin|All day|2|Southern Hemisphere|Fish|[2, 3, 4]
Moray eel|https://vignette.wikia.nocookie.net/animalcrossing/images/e/e5/NH-Icon-morayeel.png/revision/latest/scale-to-width-down/64?cb=20200401003130|2,000 Bells|Sea|Thin|All day|8|Northern Hemisphere|Fish|[8, 9, 10]
Mosquito|https://vignette.wikia.nocookie.net/animalcrossing/images/c/c0/NH-Icon-mosquito.png/revision/latest/scale-to-width-down/64?cb=20200401005429|130 Bells|Flying||5pm - 4am|1|Southern Hemisphere|Bug|[1, 2, 3, 12]
Mosquito|https://vignette.wikia.nocookie.net/animalcrossing/images/c/c0/NH-Icon-mosquito.png/revision/latest/scale-to-width-down/64?cb=20200401005429|130 Bells|Flying||5pm - 4am|6|Northern Hemisphere|Bug|[6, 7, 8, 9]
Moth|https://vignette.wikia.nocookie.net/animalcrossing/images/1/12/NH-Icon-moth.png/revision/latest/scale-to-width-down/64?cb=20200401005428|130 Bells|Flying near light sources||7pm - 4am|1|Northern Hemisphere|Bug|[1, 2, 3, 4, 5, 6, 7, 8, 9, 10, 11, 12]
Moth|https://vignette.wikia.nocookie.net/animalcrossing/images/1/12/NH-Icon-moth.png/revision/latest/scale-to-width-down/64?cb=20200401005428|130 Bells|Flying near light sources||7pm - 4am|1|Southern Hemisphere|Bug|[1, 2, 3, 4, 5, 6, 7, 8, 9, 10, 11, 12]
Napoleonfish|https://vignette.wikia.nocookie.net/animalcrossing/images/6/6f/NH-Icon-napoleonfish.png/revision/latest/scale-to-width-down/64?cb=20200401003129|10,000 Bells|Sea|Huge|4am - 9pm|1|Southern Hemisphere|Fish|[1, 2]
Napoleonfish|https://vignette.wikia.nocookie.net/animalcrossing/images/6/6f/NH-Icon-napoleonfish.png/revision/latest/scale-to-width-down/64?cb=20200401003129|10,000 Bells|Sea|Huge|4am - 9pm|7|Northern Hemisphere|Fish|[7, 8]
Neon tetra|https://vignette.wikia.nocookie.net/animalcrossing/images/d/da/NH-Icon-neontetra.png/revision/latest/scale-to-width-down/64?cb=20200401003129|500 Bells|River|Tiny|9am - 4pm|1|Southern Hemisphere|Fish|[1, 2, 3, 4, 5, 10, 11, 12]
Neon tetra|https://vignette.wikia.nocookie.net/animalcrossing/images/d/da/NH-Icon-neontetra.png/revision/latest/scale-to-width-down/64?cb=20200401003129|500 Bells|River|Tiny|9am - 4pm|4|Northern Hemisphere|Fish|[4, 5, 6, 7, 8, 9, 10, 11]
Nibble fish|https://vignette.wikia.nocookie.net/animalcrossing/images/8/89/NH-Icon-nibblefish.png/revision/latest/scale-to-width-down/64?cb=20200401003129|1,500 Bells|River|Tiny|9am - 4pm|1|Southern Hemisphere|Fish|[1, 2, 3, 11, 12]
Nibble fish|https://vignette.wikia.nocookie.net/animalcrossing/images/8/89/NH-Icon-nibblefish.png/revision/latest/scale-to-width-down/64?cb=20200401003129|1,500 Bells|River|Tiny|9am - 4pm|5|Northern Hemisphere|Fish|[5, 6, 7, 8, 9]
Oarfish|https://vignette.wikia.nocookie.net/animalcrossing/images/3/33/NH-Icon-oarfish.png/revision/latest/scale-to-width-down/64?cb=20200401003129|9,000 Bells|Sea|Huge|All day|1|Northern Hemisphere|Fish|[1, 2, 3, 4, 5, 12]
Oarfish|https://vignette.wikia.nocookie.net/animalcrossing/images/3/33/NH-Icon-oarfish.png/revision/latest/scale-to-width-down/64?cb=20200401003129|9,000 Bells|Sea|Huge|All day|6|Southern Hemisphere|Fish|[6, 7, 8, 9, 10, 11]
Ocean sunfish|https://vignette.wikia.nocookie.net/animalcrossing/images/5/52/NH-Icon-oceansunfish.png/revision/latest/scale-to-width-down/64?cb=20200401003129|4,000 Bells|Sea|Huge with fin|4am - 9pm|1|Southern Hemisphere|Fish|[1, 2, 3]
Ocean sunfish|https://vignette.wikia.nocookie.net/animalcrossing/images/5/52/NH-Icon-oceansunfish.png/revision/latest/scale-to-width-down/64?cb=20200401003129|4,000 Bells|Sea|Huge with fin|4am - 9pm|7|Northern Hemisphere|Fish|[7, 8, 9]
Olive flounder|https://vignette.wikia.nocookie.net/animalcrossing/images/9/9e/NH-Icon-oliveflounder.png/revision/latest/scale-to-width-down/64?cb=20200401003129|800 Bells|Sea|Large|All day|1|Northern Hemisphere|Fish|[1, 2, 3, 4, 5, 6, 7, 8, 9, 10, 11, 12]
Olive flounder|https://vignette.wikia.nocookie.net/animalcrossing/images/9/9e/NH-Icon-oliveflounder.png/revision/latest/scale-to-width-down/64?cb=20200401003129|800 Bells|Sea|Large|All day|1|Southern Hemisphere|Fish|[1, 2, 3, 4, 5, 6, 7, 8, 9, 10, 11, 12]
Orchid mantis|https://vignette.wikia.nocookie.net/animalcrossing/images/9/9e/NH-Icon-orchidmantis.png/revision/latest/scale-to-width-down/64?cb=20200401005428|2,400 Bells|On white flowers||8am - 5pm|1|Southern Hemisphere|Bug|[1, 2, 3, 4, 5, 9, 10, 11, 12]
Orchid mantis|https://vignette.wikia.nocookie.net/animalcrossing/images/9/9e/NH-Icon-orchidmantis.png/revision/latest/scale-to-width-down/64?cb=20200401005428|2,400 Bells|On white flowers||8am - 5pm|3|Northern Hemisphere|Bug|[3, 4, 5, 6, 7, 8, 9, 10, 11]
Pale chub|https://vignette.wikia.nocookie.net/animalcrossing/images/2/2c/NH-Icon-palechub.png/revision/latest/scale-to-width-down/64?cb=20200401003129|200 Bells|River|Tiny|9am - 4pm|1|Northern Hemisphere|Fish|[1, 2, 3, 4, 5, 6, 7, 8, 9, 10, 11, 12]
Pale chub|https://vignette.wikia.nocookie.net/animalcrossing/images/2/2c/NH-Icon-palechub.png/revision/latest/scale-to-width-down/64?cb=20200401003129|200 Bells|River|Tiny|9am - 4pm|1|Southern Hemisphere|Fish|[1, 2, 3, 4, 5, 6, 7, 8, 9, 10, 11, 12]
Paper kite butterfly|https://vignette.wikia.nocookie.net/animalcrossing/images/d/dd/NH-Icon-paperkitebutterfly.png/revision/latest/scale-to-width-down/64?cb=20200401005429|1,000 Bells|Flying||8am - 7pm|1|Northern Hemisphere|Bug|[1, 2, 3, 4, 5, 6, 7, 8, 9, 10, 11, 12]
Paper kite butterfly|https://vignette.wikia.nocookie.net/animalcrossing/images/d/dd/NH-Icon-paperkitebutterfly.png/revision/latest/scale-to-width-down/64?cb=20200401005429|1,000 Bells|Flying||8am - 7pm|1|Southern Hemisphere|Bug|[1, 2, 3, 4, 5, 6, 7, 8, 9, 10, 11, 12]
Peacock butterfly|https://vignette.wikia.nocookie.net/animalcrossing/images/8/8f/NH-Icon-peacockbutterfly.png/revision/latest/scale-to-width-down/64?cb=20200401005429|2,500 Bells|Flying by hybrid flowers||4am - 7pm|3|Northern Hemisphere|Bug|[3, 4, 5, 6]
Peacock butterfly|https://vignette.wikia.nocookie.net/animalcrossing/images/8/8f/NH-Icon-peacockbutterfly.png/revision/latest/scale-to-width-down/64?cb=20200401005429|2,500 Bells|Flying by hybrid flowers||4am - 7pm|9|Southern Hemisphere|Bug|[9, 10, 11, 12]
Pike|https://vignette.wikia.nocookie.net/animalcrossing/images/d/dc/NH-Icon-pike.png/revision/latest/scale-to-width-down/64?cb=20200401003130|1,800 Bells|River|Large|All day|3|Southern Hemisphere|Fish|[3, 4, 5, 6]
Pike|https://vignette.wikia.nocookie.net/animalcrossing/images/d/dc/NH-Icon-pike.png/revision/latest/scale-to-width-down/64?cb=20200401003130|1,800 Bells|River|Large|All day|9|Northern Hemisphere|Fish|[9, 10, 11, 12]
Pill bug|https://vignette.wikia.nocookie.net/animalcrossing/images/c/c5/NH-Icon-pillbug.png/revision/latest/scale-to-width-down/64?cb=20200401005428|250 Bells|Hitting rocks||11pm - 4pm|1|Northern Hemisphere|Bug|[1, 2, 3, 4, 5, 6, 9, 10, 11, 12]
Pill bug|https://vignette.wikia.nocookie.net/animalcrossing/images/c/c5/NH-Icon-pillbug.png/revision/latest/scale-to-width-down/64?cb=20200401005428|250 Bells|Hitting rocks||11pm - 4pm|3|Southern Hemisphere|Bug|[3, 4, 5, 6, 7, 8, 9, 10, 11, 12]
Piranha|https://vignette.wikia.nocookie.net/animalcrossing/images/b/b9/NH-Icon-piranha.png/revision/latest/scale-to-width-down/64?cb=20200401003130|2,500 Bells|River|Small|9am - 4pm & 9pm - 4am|1|Southern Hemisphere|Fish|[1, 2, 3, 12]
Piranha|https://vignette.wikia.nocookie.net/animalcrossing/images/b/b9/NH-Icon-piranha.png/revision/latest/scale-to-width-down/64?cb=20200401003130|2,500 Bells|River|Small|9am - 4pm & 9pm - 4am|6|Northern Hemisphere|Fish|[6, 7, 8, 9]
Pond smelt|https://vignette.wikia.nocookie.net/animalcrossing/images/4/41/NH-Icon-pondsmelt.png/revision/latest/scale-to-width-down/64?cb=20200401003130|500 Bells|River|Small|All day|1|Northern Hemisphere|Fish|[1, 2, 12]
Pond smelt|https://vignette.wikia.nocookie.net/animalcrossing/images/4/41/NH-Icon-pondsmelt.png/revision/latest/scale-to-width-down/64?cb=20200401003130|500 Bells|River|Small|All day|6|Southern Hemisphere|Fish|[6, 7, 8]
Pondskater|https://vignette.wikia.nocookie.net/animalcrossing/images/f/f4/NH-Icon-pondskater.png/revision/latest/scale-to-width-down/64?cb=20200401005429|130 Bells|On fresh water||8am - 7pm|1|Southern Hemisphere|Bug|[1, 2, 3, 11, 12]
Pondskater|https://vignette.wikia.nocookie.net/animalcrossing/images/f/f4/NH-Icon-pondskater.png/revision/latest/scale-to-width-down/64?cb=20200401005429|130 Bells|On fresh water||8am - 7pm|5|Northern Hemisphere|Bug|[5, 6, 7, 8, 9]
Pop-eyed goldfish|https://vignette.wikia.nocookie.net/animalcrossing/images/c/c9/NH-Icon-popeyedgoldfish.png/revision/latest/scale-to-width-down/64?cb=20200401003129|1,300 Bells|Pond|Tiny|9am - 4pm|1|Northern Hemisphere|Fish|[1, 2, 3, 4, 5, 6, 7, 8, 9, 10, 11, 12]
Pop-eyed goldfish|https://vignette.wikia.nocookie.net/animalcrossing/images/c/c9/NH-Icon-popeyedgoldfish.png/revision/latest/scale-to-width-down/64?cb=20200401003129|1,300 Bells|Pond|Tiny|9am - 4pm|1|Southern Hemisphere|Fish|[1, 2, 3, 4, 5, 6, 7, 8, 9, 10, 11, 12]
Puffer fish|https://vignette.wikia.nocookie.net/animalcrossing/images/1/1f/NH-Icon-pufferfish.png/revision/latest/scale-to-width-down/64?cb=20200401003130|250 Bells|Sea|Medium-small|All day|1|Southern Hemisphere|Fish|[1, 2, 3]
Puffer fish|https://vignette.wikia.nocookie.net/animalcrossing/images/1/1f/NH-Icon-pufferfish.png/revision/latest/scale-to-width-down/64?cb=20200401003130|250 Bells|Sea|Medium-small|All day|7|Northern Hemisphere|Fish|[7, 8, 9]
Queen Alexandra's birdwing|https://vignette.wikia.nocookie.net/animalcrossing/images/b/b8/NH-Icon-queenalexandrasbirdwing.png/revision/latest/scale-to-width-down/64?cb=20200401005429|4,000 Bells|Flying||8am - 4pm|1|Southern Hemisphere|Bug|[1, 2, 3, 11, 12]
Queen Alexandra's birdwing|https://vignette.wikia.nocookie.net/animalcrossing/images/b/b8/NH-Icon-queenalexandrasbirdwing.png/revision/latest/scale-to-width-down/64?cb=20200401005429|4,000 Bells|Flying||8am - 4pm|5|Northern Hemisphere|Bug|[5, 6, 7, 8, 9]
Rainbow stag|https://vignette.wikia.nocookie.net/animalcrossing/images/1/1c/NH-Icon-rainbowstag.png/revision/latest/scale-to-width-down/64?cb=20200401005429|6,000 Bells|On trees||7pm - 8am|1|Southern Hemisphere|Bug|[1, 2, 3, 12]
Rainbow stag|https://vignette.wikia.nocookie.net/animalcrossing/images/1/1c/NH-Icon-rainbowstag.png/revision/latest/scale-to-width-down/64?cb=20200401005429|6,000 Bells|On trees||7pm - 8am|6|Northern Hemisphere|Bug|[6, 7, 8, 9]
Rainbowfish|https://vignette.wikia.nocookie.net/animalcrossing/images/6/68/NH-Icon-rainbowfish.png/revision/latest/scale-to-width-down/64?cb=20200401003129|800 Bells|River|Tiny|9am - 4pm|1|Southern Hemisphere|Fish|[1, 2, 3, 4, 11, 12]
Rainbowfish|https://vignette.wikia.nocookie.net/animalcrossing/images/6/68/NH-Icon-rainbowfish.png/revision/latest/scale-to-width-down/64?cb=20200401003129|800 Bells|River|Tiny|9am - 4pm|5|Northern Hemisphere|Fish|[5, 6, 7, 8, 9, 10]
Rajah Brooke's birdwing|https://vignette.wikia.nocookie.net/animalcrossing/images/e/e2/NH-Icon-rajahbrookesbirdwing.png/revision/latest/scale-to-width-down/64?cb=20200401005428|2,500 Bells|Flying||8am - 5pm|1|Northern Hemisphere|Bug|[1, 2, 4, 5, 6, 7, 8, 9, 12]
Rajah Brooke's birdwing|https://vignette.wikia.nocookie.net/animalcrossing/images/e/e2/NH-Icon-rajahbrookesbirdwing.png/revision/latest/scale-to-width-down/64?cb=20200401005428|2,500 Bells|Flying||8am - 5pm|1|Southern Hemisphere|Bug|[1, 2, 3, 6, 7, 8, 10, 11, 12]
Ranchu goldfish|https://vignette.wikia.nocookie.net/animalcrossing/images/f/f9/NH-Icon-ranchugoldfish.png/revision/latest/scale-to-width-down/64?cb=20200401003129|4,500 Bells|Pond|Small|9am - 4pm|1|Northern Hemisphere|Fish|[1, 2, 3, 4, 5, 6, 7, 8, 9, 10, 11, 12]
Ranchu goldfish|https://vignette.wikia.nocookie.net/animalcrossing/images/f/f9/NH-Icon-ranchugoldfish.png/revision/latest/scale-to-width-down/64?cb=20200401003129|4,500 Bells|Pond|Small|9am - 4pm|1|Southern Hemisphere|Fish|[1, 2, 3, 4, 5, 6, 7, 8, 9, 10, 11, 12]
Ray|https://vignette.wikia.nocookie.net/animalcrossing/images/d/db/NH-Icon-ray.png/revision/latest/scale-to-width-down/64?cb=20200401003129|3,000 Bells|Sea|Large|4am - 9pm|2|Southern Hemisphere|Fish|[2, 3, 4, 5]
Ray|https://vignette.wikia.nocookie.net/animalcrossing/images/d/db/NH-Icon-ray.png/revision/latest/scale-to-width-down/64?cb=20200401003129|3,000 Bells|Sea|Large|4am - 9pm|8|Northern Hemisphere|Fish|[8, 9, 10, 11]
Red dragonfly|https://vignette.wikia.nocookie.net/animalcrossing/images/e/eb/NH-Icon-reddragonfly.png/revision/latest/scale-to-width-down/64?cb=20200401005428|180 Bells|Flying||8am - 7pm|3|Southern Hemisphere|Bug|[3, 4]
Red dragonfly|https://vignette.wikia.nocookie.net/animalcrossing/images/e/eb/NH-Icon-reddragonfly.png/revision/latest/scale-to-width-down/64?cb=20200401005428|180 Bells|Flying||8am - 7pm|9|Northern Hemisphere|Bug|[9, 10]
Red snapper|https://vignette.wikia.nocookie.net/animalcrossing/images/d/dd/NH-Icon-redsnapper.png/revision/latest/scale-to-width-down/64?cb=20200401003130|3,000 Bells|Sea|Medium-large|All day|1|Northern Hemisphere|Fish|[1, 2, 3, 4, 5, 6, 7, 8, 9, 10, 11, 12]
Red snapper|https://vignette.wikia.nocookie.net/animalcrossing/images/d/dd/NH-Icon-redsnapper.png/revision/latest/scale-to-width-down/64?cb=20200401003130|3,000 Bells|Sea|Medium-large|All day|1|Southern Hemisphere|Fish|[1, 2, 3, 4, 5, 6, 7, 8, 9, 10, 11, 12]
Ribbon eel|https://vignette.wikia.nocookie.net/animalcrossing/images/a/ac/NH-Icon-ribboneel.png/revision/latest/scale-to-width-down/64?cb=20200401003129|600 Bells|Sea|Thin|All day|1|Southern Hemisphere|Fish|[1, 2, 3, 4, 12]
Ribbon eel|https://vignette.wikia.nocookie.net/animalcrossing/images/a/ac/NH-Icon-ribboneel.png/revision/latest/scale-to-width-down/64?cb=20200401003129|600 Bells|Sea|Thin|All day|6|Northern Hemisphere|Fish|[6, 7, 8, 9, 10]
Rice grasshopper|https://vignette.wikia.nocookie.net/animalcrossing/images/d/d3/NH-Icon-ricegrasshopper.png/revision/latest/scale-to-width-down/64?cb=20200401005428|160 Bells|On the ground||8am - 7pm|2|Southern Hemisphere|Bug|[2, 3, 4, 5]
Rice grasshopper|https://vignette.wikia.nocookie.net/animalcrossing/images/d/d3/NH-Icon-ricegrasshopper.png/revision/latest/scale-to-width-down/64?cb=20200401005428|160 Bells|On the ground||8am - 7pm|8|Northern Hemisphere|Bug|[8, 9, 10, 11]
Robust cicada|https://vignette.wikia.nocookie.net/animalcrossing/images/2/2f/NH-Icon-robustcicada.png/revision/latest/scale-to-width-down/64?cb=20200401005429|300 Bells|On trees||8am - 5pm|1|Southern Hemisphere|Bug|[1, 2]
Robust cicada|https://vignette.wikia.nocookie.net/animalcrossing/images/2/2f/NH-Icon-robustcicada.png/revision/latest/scale-to-width-down/64?cb=20200401005429|300 Bells|On trees||8am - 5pm|7|Northern Hemisphere|Bug|[7, 8]
Rosalia batesi beetle|https://vignette.wikia.nocookie.net/animalcrossing/images/e/e0/NH-Icon-rosaliabatesibeetle.png/revision/latest/scale-to-width-down/64?cb=20200401005429|3,000 Bells|On tree stumps||All day|1|Southern Hemisphere|Bug|[1, 2, 3, 11, 12]
Rosalia batesi beetle|https://vignette.wikia.nocookie.net/animalcrossing/images/e/e0/NH-Icon-rosaliabatesibeetle.png/revision/latest/scale-to-width-down/64?cb=20200401005429|3,000 Bells|On tree stumps||All day|5|Northern Hemisphere|Bug|[5, 6, 7, 8, 9]
Saddled bichir|https://vignette.wikia.nocookie.net/animalcrossing/images/a/a0/NH-Icon-saddledbichir.png/revision/latest/scale-to-width-down/64?cb=20200401003130|4,000 Bells|River|Medium-large|9pm - 4am|1|Southern Hemisphere|Fish|[1, 2, 3, 12]
Saddled bichir|https://vignette.wikia.nocookie.net/animalcrossing/images/a/a0/NH-Icon-saddledbichir.png/revision/latest/scale-to-width-down/64?cb=20200401003130|4,000 Bells|River|Medium-large|9pm - 4am|6|Northern Hemisphere|Fish|[6, 7, 8, 9]
Salmon|https://vignette.wikia.nocookie.net/animalcrossing/images/f/fb/NH-Icon-salmon.png/revision/latest/scale-to-width-down/64?cb=20200401003129|700 Bells|River (Mouth)|Medium-large|All day|3|Southern Hemisphere|Fish|[3]
Salmon|https://vignette.wikia.nocookie.net/animalcrossing/images/f/fb/NH-Icon-salmon.png/revision/latest/scale-to-width-down/64?cb=20200401003129|700 Bells|River (Mouth)|Medium-large|All day|9|Northern Hemisphere|Fish|[9]
Saw shark|https://vignette.wikia.nocookie.net/animalcrossing/images/7/73/NH-Icon-sawshark.png/revision/latest/scale-to-width-down/64?cb=20200401003129|12,000 Bells|Sea|Huge with fin|4pm - 9am|1|Southern Hemisphere|Fish|[1, 2, 3, 12]
Saw shark|https://vignette.wikia.nocookie.net/animalcrossing/images/7/73/NH-Icon-sawshark.png/revision/latest/scale-to-width-down/64?cb=20200401003129|12,000 Bells|Sea|Huge with fin|4pm - 9am|6|Northern Hemisphere|Fish|[6, 7, 8, 9]
Saw stag|https://vignette.wikia.nocookie.net/animalcrossing/images/4/48/NH-Icon-sawstag.png/revision/latest/scale-to-width-down/64?cb=20200401005429|2,000 Bells|On trees||All day|1|Southern Hemisphere|Bug|[1, 2]
Saw stag|https://vignette.wikia.nocookie.net/animalcrossing/images/4/48/NH-Icon-sawstag.png/revision/latest/scale-to-width-down/64?cb=20200401005429|2,000 Bells|On trees||All day|7|Northern Hemisphere|Bug|[7, 8]
Scarab beetle|https://vignette.wikia.nocookie.net/animalcrossing/images/4/4c/NH-Icon-scarabbeetle.png/revision/latest/scale-to-width-down/64?cb=20200401005429|10,000 Bells|On trees||11pm - 8am|1|Southern Hemisphere|Bug|[1, 2]
Scarab beetle|https://vignette.wikia.nocookie.net/animalcrossing/images/4/4c/NH-Icon-scarabbeetle.png/revision/latest/scale-to-width-down/64?cb=20200401005429|10,000 Bells|On trees||11pm - 8am|7|Northern Hemisphere|Bug|[7, 8]
Scorpion|https://vignette.wikia.nocookie.net/animalcrossing/images/3/34/NH-Icon-scorpion.png/revision/latest/scale-to-width-down/64?cb=20200401005429|8,000 Bells|On the ground||7pm - 4am|1|Southern Hemisphere|Bug|[1, 2, 3, 4, 11, 12]
Scorpion|https://vignette.wikia.nocookie.net/animalcrossing/images/3/34/NH-Icon-scorpion.png/revision/latest/scale-to-width-down/64?cb=20200401005429|8,000 Bells|On the ground||7pm - 4am|5|Northern Hemisphere|Bug|[5, 6, 7, 8, 9, 10]
Sea bass|https://vignette.wikia.nocookie.net/animalcrossing/images/2/22/NH-Icon-seabass.png/revision/latest/scale-to-width-down/64?cb=20200401003130|400 Bells|Sea|Large|All day|1|Northern Hemisphere|Fish|[1, 2, 3, 4, 5, 6, 7, 8, 9, 10, 11, 12]
Sea bass|https://vignette.wikia.nocookie.net/animalcrossing/images/2/22/NH-Icon-seabass.png/revision/latest/scale-to-width-down/64?cb=20200401003130|400 Bells|Sea|Large|All day|1|Southern Hemisphere|Fish|[1, 2, 3, 4, 5, 6, 7, 8, 9, 10, 11, 12]
Sea butterfly|https://vignette.wikia.nocookie.net/animalcrossing/images/8/8f/NH-Icon-seabutterfly.png/revision/latest/scale-to-width-down/64?cb=20200401003129|1,000 Bells|Sea|Tiny|All day|1|Northern Hemisphere|Fish|[1, 2, 3, 12]
Sea butterfly|https://vignette.wikia.nocookie.net/animalcrossing/images/8/8f/NH-Icon-seabutterfly.png/revision/latest/scale-to-width-down/64?cb=20200401003129|1,000 Bells|Sea|Tiny|All day|6|Southern Hemisphere|Fish|[6, 7, 8, 9]
Sea horse|https://vignette.wikia.nocookie.net/animalcrossing/images/5/55/NH-Icon-seahorse.png/revision/latest/scale-to-width-down/64?cb=20200401003129|1,100 Bells|Sea|Tiny|All day|1|Southern Hemisphere|Fish|[1, 2, 3, 4, 5, 10, 11, 12]
Sea horse|https://vignette.wikia.nocookie.net/animalcrossing/images/5/55/NH-Icon-seahorse.png/revision/latest/scale-to-width-down/64?cb=20200401003129|1,100 Bells|Sea|Tiny|All day|4|Northern Hemisphere|Fish|[4, 5, 6, 7, 8, 9, 10, 11]
Snail|https://vignette.wikia.nocookie.net/animalcrossing/images/b/b1/NH-Icon-snail.png/revision/latest/scale-to-width-down/64?cb=20200401005429|250 Bells|On rocks during rain||All day|1|Northern Hemisphere|Bug|[1, 2, 3, 4, 5, 6, 7, 8, 9, 10, 11, 12]
Snail|https://vignette.wikia.nocookie.net/animalcrossing/images/b/b1/NH-Icon-snail.png/revision/latest/scale-to-width-down/64?cb=20200401005429|250 Bells|On rocks during rain||All day|1|Southern Hemisphere|Bug|[1, 2, 3, 4, 5, 6, 7, 8, 9, 10, 11, 12]
Snapping Turtle|https://vignette.wikia.nocookie.net/animalcrossing/images/2/24/NH-Icon-snappingturtle.png/revision/latest/scale-to-width-down/64?cb=20200401003129|5,000 Bells|River|Large|9pm - 4am|1|Southern Hemisphere|Fish|[1, 2, 3, 4, 10, 11, 12]
Snapping Turtle|https://vignette.wikia.nocookie.net/animalcrossing/images/2/24/NH-Icon-snappingturtle.png/revision/latest/scale-to-width-down/64?cb=20200401003129|5,000 Bells|River|Large|9pm - 4am|4|Northern Hemisphere|Fish|[4, 5, 6, 7, 8, 9, 10]
Soft-shelled turtle|https://vignette.wikia.nocookie.net/animalcrossing/images/c/c3/NH-Icon-softshelledturtle.png/revision/latest/scale-to-width-down/64?cb=20200401003129|3,750 Bells|River|Medium-large|4pm - 9am|2|Southern Hemisphere|Fish|[2, 3]
Soft-shelled turtle|https://vignette.wikia.nocookie.net/animalcrossing/images/c/c3/NH-Icon-softshelledturtle.png/revision/latest/scale-to-width-down/64?cb=20200401003129|3,750 Bells|River|Medium-large|4pm - 9am|8|Northern Hemisphere|Fish|[8, 9]
Spider|https://vignette.wikia.nocookie.net/animalcrossing/images/2/26/NH-Icon-spider.png/revision/latest/scale-to-width-down/64?cb=20200401005429|480 Bells|Shaking trees||7pm - 8am|1|Northern Hemisphere|Bug|[1, 2, 3, 4, 5, 6, 7, 8, 9, 10, 11, 12]
Spider|https://vignette.wikia.nocookie.net/animalcrossing/images/2/26/NH-Icon-spider.png/revision/latest/scale-to-width-down/64?cb=20200401005429|480 Bells|Shaking trees||7pm - 8am|1|Southern Hemisphere|Bug|[1, 2, 3, 4, 5, 6, 7, 8, 9, 10, 11, 12]
Squid|https://vignette.wikia.nocookie.net/animalcrossing/images/3/3b/NH-Icon-squid.png/revision/latest/scale-to-width-down/64?cb=20200401003130|500 Bells|Sea|Medium-small|All day|1|Northern Hemisphere|Fish|[1, 2, 3, 4, 5, 6, 7, 8, 12]
Squid|https://vignette.wikia.nocookie.net/animalcrossing/images/3/3b/NH-Icon-squid.png/revision/latest/scale-to-width-down/64?cb=20200401003130|500 Bells|Sea|Medium-small|All day|1|Southern Hemisphere|Fish|[1, 2, 6, 7, 8, 9, 10, 11, 12]
Stinkbug|https://vignette.wikia.nocookie.net/animalcrossing/images/8/80/NH-Icon-stinkbug.png/revision/latest/scale-to-width-down/64?cb=20200401005429|120 Bells|On flowers||All day|1|Southern Hemisphere|Bug|[1, 2, 3, 4, 9, 10, 11, 12]
Stinkbug|https://vignette.wikia.nocookie.net/animalcrossing/images/8/80/NH-Icon-stinkbug.png/revision/latest/scale-to-width-down/64?cb=20200401005429|120 Bells|On flowers||All day|3|Northern Hemisphere|Bug|[3, 4, 5, 6, 7, 8, 9, 10]
Stringfish|https://vignette.wikia.nocookie.net/animalcrossing/images/7/7b/NH-Icon-stringfish.png/revision/latest/scale-to-width-down/64?cb=20200401003129|15,000 Bells|River (Clifftop)|Large|4pm - 9am|1|Northern Hemisphere|Fish|[1, 2, 3, 12]
Stringfish|https://vignette.wikia.nocookie.net/animalcrossing/images/7/7b/NH-Icon-stringfish.png/revision/latest/scale-to-width-down/64?cb=20200401003129|15,000 Bells|River (Clifftop)|Large|4pm - 9am|6|Southern Hemisphere|Fish|[6, 7, 8, 9]
Sturgeon|https://vignette.wikia.nocookie.net/animalcrossing/images/9/98/NH-Icon-sturgeon.png/revision/latest/scale-to-width-down/64?cb=20200401003129|10,000 Bells|River (Mouth)|Huge|All day|1|Northern Hemisphere|Fish|[1, 2, 3, 9, 10, 11, 12]
Sturgeon|https://vignette.wikia.nocookie.net/animalcrossing/images/9/98/NH-Icon-sturgeon.png/revision/latest/scale-to-width-down/64?cb=20200401003129|10,000 Bells|River (Mouth)|Huge|All day|3|Southern Hemisphere|Fish|[3, 4, 5, 6, 7, 8, 9]
Suckerfish|https://vignette.wikia.nocookie.net/animalcrossing/images/b/b9/NH-Icon-suckerfish.png/revision/latest/scale-to-width-down/64?cb=20200401003131|1,500 Bells|Sea|Medium with fin|All day|1|Southern Hemisphere|Fish|[1, 2, 3, 12]
Suckerfish|https://vignette.wikia.nocookie.net/animalcrossing/images/b/b9/NH-Icon-suckerfish.png/revision/latest/scale-to-width-down/64?cb=20200401003131|1,500 Bells|Sea|Medium with fin|All day|6|Northern Hemisphere|Fish|[6, 7, 8, 9]
Surgeonfish|https://vignette.wikia.nocookie.net/animalcrossing/images/1/11/NH-Icon-surgeonfish.png/revision/latest/scale-to-width-down/64?cb=20200401003129|1,000 Bells|Sea|Small|All day|1|Southern Hemisphere|Fish|[1, 2, 3, 10, 11, 12]
Surgeonfish|https://vignette.wikia.nocookie.net/animalcrossing/images/1/11/NH-Icon-surgeonfish.png/revision/latest/scale-to-width-down/64?cb=20200401003129|1,000 Bells|Sea|Small|All day|4|Northern Hemisphere|Fish|[4, 5, 6, 7, 8, 9]
Sweetfish|https://vignette.wikia.nocookie.net/animalcrossing/images/4/40/NH-Icon-sweetfish.png/revision/latest/scale-to-width-down/64?cb=20200401003129|900 Bells|River|Medium-small|All day|1|Southern Hemisphere|Fish|[1, 2, 3]
Sweetfish|https://vignette.wikia.nocookie.net/animalcrossing/images/4/40/NH-Icon-sweetfish.png/revision/latest/scale-to-width-down/64?cb=20200401003129|900 Bells|River|Medium-small|All day|7|Northern Hemisphere|Fish|[7, 8, 9]
Tadpole|https://vignette.wikia.nocookie.net/animalcrossing/images/1/1c/NH-Icon-tadpole.png/revision/latest/scale-to-width-down/64?cb=20200401003129|100 Bells|Pond|Tiny|All day|1|Southern Hemisphere|Fish|[1, 9, 10, 11, 12]
Tadpole|https://vignette.wikia.nocookie.net/animalcrossing/images/1/1c/NH-Icon-tadpole.png/revision/latest/scale-to-width-down/64?cb=20200401003129|100 Bells|Pond|Tiny|All day|3|Northern Hemisphere|Fish|[3, 4, 5, 6, 7]
Tarantula|https://vignette.wikia.nocookie.net/animalcrossing/images/0/0a/NH-Icon-tarantula.png/revision/latest/scale-to-width-down/64?cb=20200401005429|8,000 Bells|On the ground||7pm - 4am|1|Northern Hemisphere|Bug|[1, 2, 3, 4, 11, 12]
Tarantula|https://vignette.wikia.nocookie.net/animalcrossing/images/0/0a/NH-Icon-tarantula.png/revision/latest/scale-to-width-down/64?cb=20200401005429|8,000 Bells|On the ground||7pm - 4am|5|Southern Hemisphere|Bug|[5, 6, 7, 8, 9, 10]
Tiger beetle|https://vignette.wikia.nocookie.net/animalcrossing/images/e/e3/NH-Icon-tigerbeetle.png/revision/latest/scale-to-width-down/64?cb=20200401005428|1,500 Bells|On the ground||All day|1|Southern Hemisphere|Bug|[1, 2, 3, 4, 8, 9, 10, 11, 12]
Tiger beetle|https://vignette.wikia.nocookie.net/animalcrossing/images/e/e3/NH-Icon-tigerbeetle.png/revision/latest/scale-to-width-down/64?cb=20200401005428|1,500 Bells|On the ground||All day|2|Northern Hemisphere|Bug|[2, 3, 4, 5, 6, 7, 8, 9, 10]
Tiger butterfly|https://vignette.wikia.nocookie.net/animalcrossing/images/6/65/NH-Icon-tigerbutterfly.png/revision/latest/scale-to-width-down/64?cb=20200401005429|240 Bells|Flying||4am - 7pm|1|Southern Hemisphere|Bug|[1, 2, 3, 9, 10, 11, 12]
Tiger butterfly|https://vignette.wikia.nocookie.net/animalcrossing/images/6/65/NH-Icon-tigerbutterfly.png/revision/latest/scale-to-width-down/64?cb=20200401005429|240 Bells|Flying||4am - 7pm|3|Northern Hemisphere|Bug|[3, 4, 5, 6, 7, 8, 9]
Tilapia|https://vignette.wikia.nocookie.net/animalcrossing/images/5/53/NH-Icon-tilapia.png/revision/latest/scale-to-width-down/64?cb=20200401003129|800 Bells|River|Medium-small|All day|1|Southern Hemisphere|Fish|[1, 2, 3, 4, 12]
Tilapia|https://vignette.wikia.nocookie.net/animalcrossing/images/5/53/NH-Icon-tilapia.png/revision/latest/scale-to-width-down/64?cb=20200401003129|800 Bells|River|Medium-small|All day|6|Northern Hemisphere|Fish|[6, 7, 8, 9, 10]
Tuna|https://vignette.wikia.nocookie.net/animalcrossing/images/5/50/NH-Icon-tuna.png/revision/latest/scale-to-width-down/64?cb=20200401003129|7,000 Bells|Pier|Huge|All day|1|Northern Hemisphere|Fish|[1, 2, 3, 4, 11, 12]
Tuna|https://vignette.wikia.nocookie.net/animalcrossing/images/5/50/NH-Icon-tuna.png/revision/latest/scale-to-width-down/64?cb=20200401003129|7,000 Bells|Pier|Huge|All day|5|Southern Hemisphere|Fish|[5, 6, 7, 8, 9, 10]
Violin beetle|https://vignette.wikia.nocookie.net/animalcrossing/images/6/6a/NH-Icon-violinbeetle.png/revision/latest/scale-to-width-down/64?cb=20200401005429|450 Bells|On tree stumps||All day|3|Southern Hemisphere|Bug|[3, 4, 5, 11, 12]
Violin beetle|https://vignette.wikia.nocookie.net/animalcrossing/images/6/6a/NH-Icon-violinbeetle.png/revision/latest/scale-to-width-down/64?cb=20200401005429|450 Bells|On tree stumps||All day|5|Northern Hemisphere|Bug|[5, 6, 9, 10, 11]
Walker cicada|https://vignette.wikia.nocookie.net/animalcrossing/images/e/ec/NH-Icon-walkercicada.png/revision/latest/scale-to-width-down/64?cb=20200401005429|400 Bells|On trees||8am - 5pm|2|Southern Hemisphere|Bug|[2, 3]
Walker cicada|https://vignette.wikia.nocookie.net/animalcrossing/images/e/ec/NH-Icon-walkercicada.png/revision/latest/scale-to-width-down/64?cb=20200401005429|400 Bells|On trees||8am - 5pm|8|Northern Hemisphere|Bug|[8, 9]
Walking leaf|https://vignette.wikia.nocookie.net/animalcrossing/images/c/cb/NH-Icon-walkingleaf.png/revision/latest/scale-to-width-down/64?cb=20200401005429|600 Bells|Disguised as leaves||All day|1|Southern Hemisphere|Bug|[1, 2, 3]
Walking leaf|https://vignette.wikia.nocookie.net/animalcrossing/images/c/cb/NH-Icon-walkingleaf.png/revision/latest/scale-to-width-down/64?cb=20200401005429|600 Bells|Disguised as leaves||All day|7|Northern Hemisphere|Bug|[7, 8, 9]
Walking stick|https://vignette.wikia.nocookie.net/animalcrossing/images/6/62/NH-Icon-walkingstick.png/revision/latest/scale-to-width-down/64?cb=20200401005428|600 Bells|On trees||4am - 8am & 5pm - 7pm|1|Southern Hemisphere|Bug|[1, 2, 3, 4, 5]
Walking stick|https://vignette.wikia.nocookie.net/animalcrossing/images/6/62/NH-Icon-walkingstick.png/revision/latest/scale-to-width-down/64?cb=20200401005428|600 Bells|On trees||4am - 8am & 5pm - 7pm|7|Northern Hemisphere|Bug|[7, 8, 9, 10, 11]
Wasp|https://vignette.wikia.nocookie.net/animalcrossing/images/9/9e/NH-Icon-wasp.png/revision/latest/scale-to-width-down/64?cb=20200401005428|2,500 Bells|Shaking trees||All day|1|Northern Hemisphere|Bug|[1, 2, 3, 4, 5, 6, 7, 8, 9, 10, 11, 12]
Wasp|https://vignette.wikia.nocookie.net/animalcrossing/images/9/9e/NH-Icon-wasp.png/revision/latest/scale-to-width-down/64?cb=20200401005428|2,500 Bells|Shaking trees||All day|1|Southern Hemisphere|Bug|[1, 2, 3, 4, 5, 6, 7, 8, 9, 10, 11, 12]
Whale shark|https://vignette.wikia.nocookie.net/animalcrossing/images/1/1c/NH-Icon-whaleshark.png/revision/latest/scale-to-width-down/64?cb=20200401003129|13,000 Bells|Sea|Huge with fin|All day|1|Southern Hemisphere|Fish|[1, 2, 3, 12]
Whale shark|https://vignette.wikia.nocookie.net/animalcrossing/images/1/1c/NH-Icon-whaleshark.png/revision/latest/scale-to-width-down/64?cb=20200401003129|13,000 Bells|Sea|Huge with fin|All day|6|Northern Hemisphere|Fish|[6, 7, 8, 9]
Wharf roach|https://vignette.wikia.nocookie.net/animalcrossing/images/5/5d/NH-Icon-wharfroach.png/revision/latest/scale-to-width-down/64?cb=20200401005428|200 Bells|On rocks at the beach||All day|1|Northern Hemisphere|Bug|[1, 2, 3, 4, 5, 6, 7, 8, 9, 10, 11, 12]
Wharf roach|https://vignette.wikia.nocookie.net/animalcrossing/images/5/5d/NH-Icon-wharfroach.png/revision/latest/scale-to-width-down/64?cb=20200401005428|200 Bells|On rocks at the beach||All day|1|Southern Hemisphere|Bug|[1, 2, 3, 4, 5, 6, 7, 8, 9, 10, 11, 12]
Yellow butterfly|https://vignette.wikia.nocookie.net/animalcrossing/images/f/fa/NH-Icon-yellowbutterfly.png/revision/latest/scale-to-width-down/64?cb=20200401005428|160 Bells|Flying||4am - 7pm|3|Northern Hemisphere|Bug|[3, 4, 5, 6, 9, 10]
Yellow butterfly|https://vignette.wikia.nocookie.net/animalcrossing/images/f/fa/NH-Icon-yellowbutterfly.png/revision/latest/scale-to-width-down/64?cb=20200401005428|160 Bells|Flying||4am - 7pm|3|Southern Hemisphere|Bug|[3, 4, 9, 10, 11, 12]
Yellow perch|https://vignette.wikia.nocookie.net/animalcrossing/images/1/1d/NH-Icon-yellowperch.png/revision/latest/scale-to-width-down/64?cb=20200401003129|300 Bells|River|Medium-small|All day|1|Northern Hemisphere|Fish|[1, 2, 3, 10, 11, 12]
Yellow perch|https://vignette.wikia.nocookie.net/animalcrossing/images/1/1d/NH-Icon-yellowperch.png/revision/latest/scale-to-width-down/64?cb=20200401003129|300 Bells|River|Medium-small|All day|4|Southern Hemisphere|Fish|[4, 5, 6, 7, 8, 9]
Zebra turkeyfish|https://vignette.wikia.nocookie.net/animalcrossing/images/1/1c/NH-Icon-zebraturkeyfish.png/revision/latest/scale-to-width-down/64?cb=20200401003130|500 Bells|Sea|Medium-small|All day|1|Southern Hemisphere|Fish|[1, 2, 3, 4, 5, 10, 11, 12]
Zebra turkeyfish|https://vignette.wikia.nocookie.net/animalcrossing/images/1/1c/NH-Icon-zebraturkeyfish.png/revision/latest/scale-to-width-down/64?cb=20200401003130|500 Bells|Sea|Medium-small|All day|4|Northern Hemisphere|Fish|[4, 5, 6, 7, 8, 9, 10, 11]
